dataset_type,n,d,k,i,steps_vanilla,steps_speculation,steps_pp,subsample_size,seed,inertia_vanilla,inertia_pp,inertia_speculation,inertia_optimal
S,5000,2,3,0,3,3,3,0.01,0,43495708857.90676,43311290541.04668,43495708857.90676,42701731218.68839
S,5000,2,4,0,5,5,12,0.01,0,28999621014.81999,27650254901.648438,28999621014.81999,27650142598.63077
S,5000,2,5,0,2,2,5,0.01,0,23886699341.37614,22644964799.89867,23886699341.37614,20987083019.273552
S,5000,2,6,0,3,3,3,0.01,0,19578833707.188873,15953887570.422907,19578833707.188873,15953803002.326366
S,5000,2,7,0,3,7,6,0.01,0,18406225765.509937,12756211377.233494,12873847928.868979,12715342779.709454
S,5000,2,8,0,4,4,2,0.01,0,11601314647.805313,9629541980.596226,9753022524.855112,9629384925.90429
S,5000,2,9,0,4,3,2,0.01,0,10076707155.972506,8085616362.313337,8475274972.571844,8085446513.607294
S,5000,2,10,0,4,4,2,0.01,0,7495299988.388469,6989417676.375132,7495299988.388469,6878259345.757834
S,5000,2,3,1,7,3,2,0.01,0,36799683315.56624,36799778569.84966,36798967635.836975,36528615554.95657
S,5000,2,4,1,9,6,5,0.01,0,25882855293.59084,23959874106.412693,23958235658.11012,23958075249.41417
S,5000,2,5,1,7,10,6,0.01,0,20885693062.723118,19434320850.746506,19436328783.539867,19433493171.74213
S,5000,2,6,1,6,6,7,0.01,0,16557690914.2204,16602911091.664288,16557690914.2204,15873383544.267887
S,5000,2,7,1,8,8,4,0.01,0,13879350931.45894,13885227245.178974,13879350931.45894,13155081040.208672
S,5000,2,8,1,14,14,5,0.01,0,11994205429.724525,12272643618.791634,11994205429.724525,10768150493.975258
S,5000,2,9,1,14,12,4,0.01,0,11187493010.962568,9613894906.862066,9278261578.94396,9009574412.672777
S,5000,2,10,1,14,9,8,0.01,0,9965745586.876846,7537471512.961072,8996717168.948034,7486814018.062595
S,5000,2,3,2,4,4,6,0.01,0,27926175261.948112,27931311998.253696,27926175261.948112,27922949927.92954
S,5000,2,4,2,11,6,3,0.01,0,18780718812.198044,18360587515.595955,18782488054.11327,18354325225.716507
S,5000,2,5,2,7,5,4,0.01,0,15896757975.10766,15016391077.564194,15419621468.43701,15010822691.02121
S,5000,2,6,2,7,5,4,0.01,0,13141930748.652855,12982211514.751787,12612014190.070951,12280376275.058119
S,5000,2,7,2,17,17,5,0.01,0,10810536122.725904,10096989593.81715,10810536122.725904,10043987053.858774
S,5000,2,8,2,18,18,6,0.01,0,8603297767.049934,8413143137.429626,8603297767.049934,8411663553.912381
S,5000,2,9,2,10,10,7,0.01,0,7212906211.246226,7249186749.241935,7212906211.246226,7209717916.895212
S,5000,2,10,2,16,16,6,0.01,0,6126958208.666475,6636021123.800915,6126958208.666475,6066565272.687567
S,5000,2,3,3,5,3,4,0.01,0,22063248490.69351,23305339751.066788,22057837838.50606,22045791386.888424
S,5000,2,4,3,12,5,4,0.01,0,16310176554.126894,17100473049.237219,16623541887.90418,16117505374.51375
S,5000,2,5,3,12,9,6,0.01,0,12667631632.21635,13397628846.422478,12665505066.63814,12546439765.139269
S,5000,2,6,3,18,7,5,0.01,0,11295132868.517546,11409818253.261532,10730301736.598402,10382544714.385288
S,5000,2,7,3,5,5,12,0.01,0,9716270067.060722,9137898719.205357,9716270067.060722,8545416696.336156
S,5000,2,8,3,10,10,17,0.01,0,8584607346.933539,7392104286.234509,8584607346.933539,7389097715.414178
S,5000,2,9,3,12,12,10,0.01,0,6596442262.914765,6447368316.1920185,6596442262.914765,6445083444.134154
S,5000,2,10,3,11,11,5,0.01,0,5827243630.373885,5721692465.529869,5827243630.373885,5716318129.050005
A,3000,2,3,0,16,4,2,0.01,0,75071590.61551398,75070240.07669239,75074256.4077506,75070240.07669237
A,3000,2,4,0,4,8,7,0.01,0,62498906.87981226,55160251.20014278,55170061.22118099,55132304.546499155
A,3000,2,5,0,9,9,10,0.01,0,43118009.18087965,47400658.09258655,43118009.18087965,42865277.487465456
A,3000,2,6,0,8,8,10,0.01,0,36539834.89391084,35879840.250428796,36539834.89391084,35106395.80284565
A,3000,2,7,0,11,11,3,0.01,0,28923449.525634248,29533756.37373821,28923449.525634248,28780176.133956086
A,3000,2,8,0,4,4,3,0.01,0,27577390.244319037,24703559.992097504,27577390.244319037,23941586.549900196
A,3000,2,9,0,6,8,3,0.01,0,24422427.277299006,20496770.151932072,24062564.63889863,20368471.87049303
A,3000,2,10,0,10,9,10,0.01,0,18535052.953697484,17494898.84498333,18530947.615630507,17210257.72949194
A,5250,2,3,1,5,4,4,0.01,0,157492560.9757474,157259933.84204757,157463871.9270781,154133457.79982185
A,5250,2,4,1,15,6,7,0.01,0,110498507.85853778,106764403.89738502,106763374.4449741,106756894.28144936
A,5250,2,5,1,20,16,5,0.01,0,78757090.71898457,78697878.93197317,78894192.31309858,78687607.99843234
A,5250,2,6,1,17,9,4,0.01,0,68144407.14034764,67639907.14727174,68146704.64167197,66527207.85927525
A,5250,2,7,1,5,7,7,0.01,0,61489825.320111424,57558774.265537985,59597952.97492977,56509725.20940106
A,5250,2,8,1,5,5,14,0.01,0,50560290.86299071,49548748.523044564,50560290.86299071,49000663.80950428
A,5250,2,9,1,8,8,13,0.01,0,46588485.011251174,42468328.17836017,46588485.011251174,41940484.89764904
A,5250,2,10,1,10,10,3,0.01,0,41875621.57840104,39142788.21445118,41875621.57840104,35800728.65636768
A,7500,2,3,2,4,4,1,0.01,0,242402123.57154033,238248810.3130527,240477783.30759206,232173387.89918372
A,7500,2,4,2,8,2,11,0.01,0,142598979.64725983,142650976.99345505,142597766.20850915,142595993.98208943
A,7500,2,5,2,11,3,7,0.01,0,118104154.87416345,118373748.56139763,118125701.71030389,118066094.83456425
A,7500,2,6,2,7,4,10,0.01,0,99388100.03519095,108916167.36657473,99393953.6489295,99359750.03424978
A,7500,2,7,2,7,7,9,0.01,0,83446140.83446708,90740752.867743,83444408.56119655,83347952.75831425
A,7500,2,8,2,8,9,11,0.01,0,74753238.73665161,71390220.49642465,74774668.65531664,70847650.46538016
A,7500,2,9,2,15,10,7,0.01,0,62283658.57905047,62302207.30512145,63350914.605633125,62251567.82389542
A,7500,2,10,2,12,12,7,0.01,0,56889723.07483322,56106833.888237156,56889723.07483322,55639435.23997445
G2,2048,1024,3,10,1,1,1,0.01,0,102276.27743574734,102282.04069087109,102276.27743574734,102255.42473033738
G2,2048,1024,4,10,1,1,1,0.01,0,102169.64494225706,102186.65106895301,102169.64494225706,102139.32482420912
G2,2048,1024,5,10,1,1,1,0.01,0,102115.58004665477,102087.93407779306,102115.58004665477,102045.48165378495
G2,2048,1024,6,10,1,1,1,0.01,0,102037.24265414913,102006.90619375258,102037.24265414913,101959.93001028168
G2,2048,1024,7,10,1,1,1,0.01,0,101968.71707032507,101943.44725610504,101968.71707032507,101876.88376269882
G2,2048,1024,8,10,1,1,1,0.01,0,101896.59909953526,101896.90361264415,101896.59909953526,101802.76738776294
G2,2048,1024,9,10,1,1,1,0.01,0,101820.4770432486,101815.104614583,101820.4770432486,101743.56316710336
G2,2048,1024,10,10,1,1,1,0.01,0,101755.64222232124,101750.98987509374,101755.64222232124,101664.27320365782
G2,2048,1024,3,11,1,1,1,0.01,0,10212002.35194682,10211139.018661993,10212002.35194682,10209578.506240416
G2,2048,1024,4,11,1,1,1,0.01,0,10201375.248981986,10203602.329534736,10201375.248981986,10197236.551421242
G2,2048,1024,5,11,1,1,1,0.01,0,10192897.992007509,10192724.3119267,10192897.992007509,10188091.363482248
G2,2048,1024,6,11,1,1,1,0.01,0,10186289.981202433,10185000.989825545,10186289.981202433,10180011.18966261
G2,2048,1024,7,11,1,1,1,0.01,0,10179359.760949949,10177885.224290824,10179359.760949949,10171006.723953512
G2,2048,1024,8,11,1,1,1,0.01,0,10170969.865666445,10171085.47730365,10170969.865666445,10164860.90989667
G2,2048,1024,9,11,1,1,1,0.01,0,10163326.500056624,10163257.522478733,10163326.500056624,10157941.076992968
G2,2048,1024,10,11,1,1,1,0.01,0,10157538.814451188,10155533.046723645,10157538.814451188,10150700.934773449
G2,2048,1024,3,12,1,1,1,0.01,0,408046.4240527278,408010.41021040035,408046.4240527278,407949.05317132076
G2,2048,1024,4,12,1,1,1,0.01,0,407624.01360578905,407722.5200414727,407624.01360578905,407465.88024061726
G2,2048,1024,5,12,1,1,1,0.01,0,407286.88255185075,407282.3779735131,407286.88255185075,407085.83880643896
G2,2048,1024,6,12,1,1,1,0.01,0,406980.20184618834,407162.47724945773,406980.20184618834,406771.76003777335
G2,2048,1024,7,12,1,1,1,0.01,0,406689.87224621314,406834.528771905,406689.87224621314,406434.2448540816
G2,2048,1024,8,12,1,1,1,0.01,0,406374.0810915672,406461.4631639278,406374.0810915672,406159.5286687234
G2,2048,1024,9,12,1,1,1,0.01,0,406076.4804146108,406162.3717614921,406076.4804146108,405920.00006704126
G2,2048,1024,10,12,1,1,1,0.01,0,405852.26496347657,405872.70300984115,405852.26496347657,405574.4072566572
G2,2048,1024,3,13,1,1,1,0.01,0,918476.42257546,918881.2290124287,918476.42257546,918282.6619668243
G2,2048,1024,4,13,1,1,1,0.01,0,917508.2099446445,918089.7367934262,917508.2099446445,917223.8105392205
G2,2048,1024,5,13,1,1,1,0.01,0,916750.3335656461,917233.3856186287,916750.3335656461,916345.2063840748
G2,2048,1024,6,13,1,1,1,0.01,0,916638.0709654875,916476.5387458843,916638.0709654875,915631.9676966292
G2,2048,1024,7,13,1,1,1,0.01,0,915901.7050270841,915764.2858076615,915901.7050270841,914841.1048976849
G2,2048,1024,8,13,1,1,1,0.01,0,915172.1827189843,915273.6180821361,915172.1827189843,914240.8248582594
G2,2048,1024,9,13,1,1,1,0.01,0,914594.3910950832,914515.9697988308,914594.3910950832,913715.3094951931
G2,2048,1024,10,13,1,1,1,0.01,0,914141.7148650654,913882.5232694737,914141.7148650654,913006.92363539
G2,2048,1024,3,14,1,1,1,0.01,0,1633392.8784536123,1633405.4472293954,1633392.8784536123,1633006.4565463911
G2,2048,1024,4,14,1,1,1,0.01,0,1631925.0106074256,1631738.602978676,1631925.0106074256,1631088.5047787908
G2,2048,1024,5,14,1,1,1,0.01,0,1630533.6303446214,1630386.4361535832,1630533.6303446214,1629640.7418710813
G2,2048,1024,6,14,1,1,1,0.01,0,1629809.1437685727,1629007.5294371303,1629809.1437685727,1628111.1405352533
G2,2048,1024,7,14,1,1,1,0.01,0,1628619.3557399365,1627911.0735330272,1628619.3557399365,1627115.5341593826
G2,2048,1024,8,14,1,1,1,0.01,0,1627395.7100975472,1626732.427031905,1627395.7100975472,1625976.5647975602
G2,2048,1024,9,14,1,1,1,0.01,0,1626069.3755847905,1625665.4926553392,1626069.3755847905,1624838.8166719992
G2,2048,1024,10,14,1,1,1,0.01,0,1624938.818781439,1624574.1575749398,1624938.818781439,1623762.4248651268
G2,2048,1024,3,15,1,1,1,0.01,0,2557041.067565003,2557117.014171208,2557041.067565003,2556376.1425481895
G2,2048,1024,4,15,1,1,1,0.01,0,2554386.67061433,2554986.9814801216,2554386.67061433,2553414.873422401
G2,2048,1024,5,15,1,1,1,0.01,0,2552313.1410959167,2553413.5279014744,2552313.1410959167,2551196.5264321063
G2,2048,1024,6,15,1,1,1,0.01,0,2550445.9318425767,2550695.678426114,2550445.9318425767,2548888.8427926395
G2,2048,1024,7,15,1,1,1,0.01,0,2549029.376276005,2548631.1292078486,2549029.376276005,2547271.0369167933
G2,2048,1024,8,15,1,1,1,0.01,0,2547187.3941581226,2547242.8758685025,2547187.3941581226,2545033.587504636
G2,2048,1024,9,15,1,1,1,0.01,0,2545297.6693893187,2545878.5985653084,2545297.6693893187,2543611.9898391077
G2,2048,1024,10,15,1,1,1,0.01,0,2543799.730301604,2543930.626270494,2543799.730301604,2541874.022493321
G2,2048,1024,3,16,1,1,1,0.01,0,3677124.648880788,3677121.7556216307,3677124.648880788,3675477.7384748487
G2,2048,1024,4,16,1,1,1,0.01,0,3673488.1925766575,3673928.7476984756,3673488.1925766575,3671397.7562727197
G2,2048,1024,5,16,1,1,1,0.01,0,3670466.7256367,3670351.6654314967,3670466.7256367,3667876.54578955
G2,2048,1024,6,16,1,1,1,0.01,0,3667698.7376207635,3667508.2998832576,3667698.7376207635,3664707.8871186995
G2,2048,1024,7,16,1,1,1,0.01,0,3665165.068421459,3664987.7617029157,3665165.068421459,3662215.9628321584
G2,2048,1024,8,16,1,1,1,0.01,0,3662445.0053533157,3662467.0308374558,3662445.0053533157,3659648.867507845
G2,2048,1024,9,16,1,1,1,0.01,0,3659790.8722985294,3659611.5323983664,3659790.8722985294,3656974.058818371
G2,2048,1024,10,16,1,1,1,0.01,0,3657327.769165986,3656968.132008114,3657327.769165986,3654315.6785669588
G2,2048,1024,3,17,1,1,1,0.01,0,5012648.833572468,5011945.320197812,5012648.833572468,5010215.529595572
G2,2048,1024,4,17,1,1,1,0.01,0,5009284.561739208,5008211.615273455,5009284.561739208,5004575.311884847
G2,2048,1024,5,17,1,1,1,0.01,0,5005301.9578234255,5003443.850452526,5005301.9578234255,4999916.608690947
G2,2048,1024,6,17,1,1,1,0.01,0,5001418.796339711,5000026.32056639,5001418.796339711,4995860.253980905
G2,2048,1024,7,17,1,1,1,0.01,0,4997571.447133444,4996568.949852858,4997571.447133444,4992169.8531180145
G2,2048,1024,8,17,1,1,1,0.01,0,4993529.303540772,4993146.094128292,4993529.303540772,4988529.438257148
G2,2048,1024,9,17,1,1,1,0.01,0,4989974.700592285,4990005.067769648,4989974.700592285,4984710.364794126
G2,2048,1024,10,17,1,1,1,0.01,0,4986519.285872159,4985913.083994615,4986519.285872159,4981233.280576978
G2,2048,1024,3,18,1,1,1,0.01,0,6533999.074316738,6533900.3054275345,6533999.074316738,6532756.366251184
G2,2048,1024,4,18,1,1,1,0.01,0,6527602.229645446,6529903.5814706115,6527602.229645446,6524890.7022726275
G2,2048,1024,5,18,1,1,1,0.01,0,6522179.99184111,6524243.383744274,6522179.99184111,6519521.302861244
G2,2048,1024,6,18,1,1,1,0.01,0,6518370.088655058,6519563.111110975,6518370.088655058,6513853.825652573
G2,2048,1024,7,18,1,1,1,0.01,0,6514468.797048923,6515226.850196259,6514468.797048923,6508671.558267921
G2,2048,1024,8,18,1,1,1,0.01,0,6508635.477189917,6509402.135055093,6508635.477189917,6504239.017342395
G2,2048,1024,9,18,1,1,1,0.01,0,6504749.700366624,6504446.9034063015,6504749.700366624,6499448.942321189
G2,2048,1024,10,18,1,1,1,0.01,0,6500381.467316063,6499745.241837637,6500381.467316063,6495655.158133281
G2,2048,1024,3,19,1,1,1,0.01,0,8270756.982191714,8271108.219439192,8270756.982191714,8269241.086070115
G2,2048,1024,4,19,1,1,1,0.01,0,8262175.447781488,8264659.151876608,8262175.447781488,8259813.795737318
G2,2048,1024,5,19,1,1,1,0.01,0,8255543.993157301,8258622.888716031,8255543.993157301,8252113.205715121
G2,2048,1024,6,19,1,1,1,0.01,0,8250169.473843669,8250304.354910081,8250169.473843669,8245893.680258766
G2,2048,1024,7,19,1,1,1,0.01,0,8245240.448571403,8243841.229187254,8245240.448571403,8239313.872754982
G2,2048,1024,8,19,1,1,1,0.01,0,8238288.565311304,8237736.621130252,8238288.565311304,8231776.099038447
G2,2048,1024,9,19,1,1,1,0.01,0,8231734.355109617,8232445.627725666,8231734.355109617,8228078.546222465
G2,2048,1024,10,19,1,1,1,0.01,0,8227336.495227576,8225840.165133385,8227336.495227576,8222048.235064351
G2,2048,128,3,20,1,1,1,0.01,0,12821.500456152171,12821.133557506208,12821.500456152171,12806.312935903978
G2,2048,128,4,20,2,2,2,0.01,0,12769.31258141025,12766.241939044063,12769.31258141025,12747.445006930455
G2,2048,128,5,20,2,2,2,0.01,0,12732.445573417397,12733.089814926336,12732.445573417397,12703.299045511885
G2,2048,128,6,20,2,2,2,0.01,0,12706.594244931159,12703.859044830931,12706.594244931159,12662.474082170695
G2,2048,128,7,20,2,2,2,0.01,0,12679.22416139942,12665.936319460812,12679.22416139942,12624.478607403684
G2,2048,128,8,20,3,3,3,0.01,0,12637.859816124092,12630.879864861978,12637.859816124092,12590.438801708744
G2,2048,128,9,20,3,3,3,0.01,0,12600.409850294942,12600.57368911161,12600.409850294942,12560.410438517141
G2,2048,128,10,20,3,3,3,0.01,0,12570.917775050048,12572.986270394493,12570.917775050048,12530.930491385303
G2,2048,128,3,21,1,1,1,0.01,0,1279564.0043535756,1280348.0798253524,1279564.0043535756,1278178.583422249
G2,2048,128,4,21,1,1,1,0.01,0,1274714.8173308696,1276720.533156685,1274714.8173308696,1272134.808996724
G2,2048,128,5,21,2,2,2,0.01,0,1270482.5816876478,1270564.207707799,1270482.5816876478,1267743.6131171426
G2,2048,128,6,21,2,2,3,0.01,0,1267557.6879747964,1265897.6460250195,1267557.6879747964,1263530.4454490356
G2,2048,128,7,21,2,2,3,0.01,0,1265122.681326665,1262571.0790383392,1265122.681326665,1260143.1982815107
G2,2048,128,8,21,3,3,3,0.01,0,1260446.7406354465,1264464.65960554,1260446.7406354465,1256971.2587651946
G2,2048,128,9,21,3,3,3,0.01,0,1257450.4025088372,1262018.4430005206,1257450.4025088372,1253251.4408684466
G2,2048,128,10,21,3,3,4,0.01,0,1254523.3029687582,1256918.203768482,1254523.3029687582,1250945.8532500104
G2,2048,128,3,22,1,1,1,0.01,0,50986.70496333491,50982.96430012451,50986.70496333491,50912.5841193499
G2,2048,128,4,22,2,2,1,0.01,0,50789.89016356926,50841.276740423324,50789.89016356926,50682.412871685214
G2,2048,128,5,22,2,2,2,0.01,0,50642.835672502595,50637.307395419295,50642.835672502595,50496.14673633965
G2,2048,128,6,22,3,3,2,0.01,0,50463.50130588493,50504.43419774823,50463.50130588493,50340.26219808337
G2,2048,128,7,22,3,3,2,0.01,0,50357.9870732521,50422.14293124895,50357.9870732521,50193.66182747457
G2,2048,128,8,22,3,3,3,0.01,0,50196.70830590243,50197.284642056184,50196.70830590243,50062.72460970542
G2,2048,128,9,22,3,3,3,0.01,0,50086.8382219095,50105.11822776229,50086.8382219095,49920.50396745432
G2,2048,128,10,22,3,3,3,0.01,0,49995.63473387911,50022.85480738555,49995.63473387911,49822.16837531805
G2,2048,128,3,23,1,1,1,0.01,0,114889.96153484989,114952.6631221024,114889.96153484989,114767.24322023414
G2,2048,128,4,23,1,1,2,0.01,0,114448.76643554503,114450.22360642518,114448.76643554503,114234.0508950769
G2,2048,128,5,23,2,2,2,0.01,0,114082.26377077991,114135.00923833938,114082.26377077991,113833.96083596596
G2,2048,128,6,23,2,2,3,0.01,0,113823.83737150484,113803.06850386514,113823.83737150484,113493.4293287817
G2,2048,128,7,23,3,3,3,0.01,0,113535.3903109933,113462.02482520428,113535.3903109933,113138.35886376922
G2,2048,128,8,23,3,3,3,0.01,0,113177.2040266388,113204.98479924558,113177.2040266388,112840.34794593805
G2,2048,128,9,23,3,3,3,0.01,0,112883.38117292606,112986.71943955039,112883.38117292606,112581.36896021865
G2,2048,128,10,23,3,3,3,0.01,0,112640.21709878065,112769.1213552519,112640.21709878065,112316.40848192407
G2,2048,128,3,24,1,1,1,0.01,0,204753.00932041858,204718.55757692567,204753.00932041858,204476.2054065887
G2,2048,128,4,24,1,1,1,0.01,0,204007.25318051307,204154.98250939505,204007.25318051307,203574.88694130266
G2,2048,128,5,24,2,2,2,0.01,0,203318.01486324164,203601.5735611185,203318.01486324164,202846.8892464302
G2,2048,128,6,24,2,2,2,0.01,0,202905.9095299486,203181.5994851979,202905.9095299486,202133.7523484064
G2,2048,128,7,24,2,2,2,0.01,0,202587.08731159312,202417.6954837741,202587.08731159312,201601.00103707408
G2,2048,128,8,24,2,2,3,0.01,0,201999.52425521112,201611.180165441,201999.52425521112,201079.46268330188
G2,2048,128,9,24,3,3,3,0.01,0,201338.42967920692,201073.08351087658,201338.42967920692,200646.19710715621
G2,2048,128,10,24,3,3,3,0.01,0,200875.25885090668,200638.4366055141,200875.25885090668,200157.7476108973
G2,2048,128,3,25,1,1,1,0.01,0,318165.41437880485,318346.6786611427,318165.41437880485,317814.036878244
G2,2048,128,4,25,1,1,2,0.01,0,317024.73031152657,316939.7522027989,317024.73031152657,316359.86949591496
G2,2048,128,5,25,2,2,2,0.01,0,315941.0877565936,316092.07089036214,315941.0877565936,315263.8025601039
G2,2048,128,6,25,2,2,2,0.01,0,315262.2522365326,315024.92114857736,315262.2522365326,314251.4381111417
G2,2048,128,7,25,3,3,3,0.01,0,314362.4271267511,314191.4012567543,314362.4271267511,313368.51601527503
G2,2048,128,8,25,3,3,3,0.01,0,313374.73914469354,313234.1786905747,313374.73914469354,312531.2690008825
G2,2048,128,9,25,4,4,3,0.01,0,312334.4127738513,312533.9917967451,312334.4127738513,311800.75138992124
G2,2048,128,10,25,4,4,3,0.01,0,311696.8817081207,311909.840829263,311696.8817081207,311022.4251048865
G2,2048,128,3,26,1,1,1,0.01,0,460998.47973054834,461003.44217294874,460998.47973054834,460368.88820433477
G2,2048,128,4,26,1,1,1,0.01,0,459474.001405908,459457.8606456462,459474.001405908,458331.2832614426
G2,2048,128,5,26,2,2,2,0.01,0,457938.0975075809,457415.44816956867,457938.0975075809,456729.5522879956
G2,2048,128,6,26,2,2,3,0.01,0,456785.9129099473,456129.5779732072,456785.9129099473,455113.96990532905
G2,2048,128,7,26,2,2,3,0.01,0,455931.71171753504,455025.247578863,455931.71171753504,453799.360863602
G2,2048,128,8,26,3,3,3,0.01,0,454266.98005370423,453915.74123151985,454266.98005370423,452733.5533071775
G2,2048,128,9,26,3,3,3,0.01,0,453358.2598958016,452755.3264518536,453358.2598958016,451656.4340706818
G2,2048,128,10,26,3,3,3,0.01,0,452196.10496502346,451874.2718946275,452196.10496502346,450621.06161865854
G2,2048,128,3,27,1,1,1,0.01,0,627809.3037493309,627704.188206109,627809.3037493309,626954.4132829905
G2,2048,128,4,27,2,2,1,0.01,0,625275.9991034218,625424.823390948,625275.9991034218,624106.2601376825
G2,2048,128,5,27,2,2,1,0.01,0,623373.360290678,623588.2479319859,623373.360290678,621956.3169836449
G2,2048,128,6,27,2,2,2,0.01,0,621929.2767780027,621366.4043585712,621929.2767780027,619789.9235010764
G2,2048,128,7,27,2,2,2,0.01,0,620795.0481076378,619962.8029492658,620795.0481076378,618142.4419836128
G2,2048,128,8,27,3,3,3,0.01,0,618441.119909416,618135.3808077116,618441.119909416,616448.7033814313
G2,2048,128,9,27,3,3,3,0.01,0,616947.8955306672,616445.1956912396,616947.8955306672,615067.5516538459
G2,2048,128,10,27,3,3,3,0.01,0,615353.7756977259,615154.7409294548,615353.7756977259,613585.1715693246
G2,2048,128,3,28,1,1,1,0.01,0,812722.2644726002,813145.8654078064,812722.2644726002,811881.9964186784
G2,2048,128,4,28,1,1,2,0.01,0,809613.342335579,810424.9158690842,809613.342335579,808004.2826867749
G2,2048,128,5,28,2,2,2,0.01,0,807078.67013143,808331.6164438833,807078.67013143,805250.5453926693
G2,2048,128,6,28,2,2,3,0.01,0,805492.8171464661,804517.6603376375,805492.8171464661,802764.4405540196
G2,2048,128,7,28,3,3,3,0.01,0,803188.6088305637,803008.4662679284,803188.6088305637,800554.8613090211
G2,2048,128,8,28,3,3,3,0.01,0,800844.8075416501,800727.1943831595,800844.8075416501,798453.6979262679
G2,2048,128,9,28,3,3,3,0.01,0,798981.9442840973,798709.1216714424,798981.9442840973,796440.9739624804
G2,2048,128,10,28,3,3,4,0.01,0,797246.8733547311,796806.7016685547,797246.8733547311,794746.3681306997
G2,2048,128,3,29,1,1,1,0.01,0,1034768.5894554006,1034609.0644335304,1034768.5894554006,1033358.4166058267
G2,2048,128,4,29,1,1,1,0.01,0,1031063.5356042563,1032010.8035729672,1031063.5356042563,1028740.1393151211
G2,2048,128,5,29,2,2,2,0.01,0,1027329.212427842,1029022.3064245905,1027329.212427842,1024764.0443131321
G2,2048,128,6,29,2,2,2,0.01,0,1024735.2544636402,1026822.3950706914,1024735.2544636402,1021912.2025902264
G2,2048,128,7,29,2,2,2,0.01,0,1022573.6558047333,1022906.3607471181,1022573.6558047333,1018895.6630662256
G2,2048,128,8,29,3,3,3,0.01,0,1019216.126529306,1019197.1748884998,1019216.126529306,1016193.6020002031
G2,2048,128,9,29,3,3,3,0.01,0,1016141.922164033,1016477.183507198,1016141.922164033,1013509.2708236639
G2,2048,128,10,29,3,3,3,0.01,0,1014388.4720215619,1014180.3468866551,1014388.4720215619,1011624.1894810945
G2,2048,16,3,30,2,2,2,0.01,0,1565.456428113745,1564.0764119645876,1565.456428113745,1558.5726711906702
G2,2048,16,4,30,5,5,3,0.01,0,1527.9238440010495,1535.2323779595042,1527.9238440010495,1517.4836211544953
G2,2048,16,5,30,4,4,3,0.01,0,1502.2511890491587,1500.3620412940243,1502.2511890491587,1489.730821215158
G2,2048,16,6,30,6,6,6,0.01,0,1478.011638176325,1470.0198578856978,1478.011638176325,1461.4309969767905
G2,2048,16,7,30,6,6,6,0.01,0,1461.0069348957936,1448.6144089533896,1461.0069348957936,1440.1985557162209
G2,2048,16,8,30,6,6,6,0.01,0,1432.9268300376261,1428.9547140593531,1432.9268300376261,1418.6550484099198
G2,2048,16,9,30,6,6,6,0.01,0,1412.61110069889,1415.8234538230927,1412.61110069889,1399.9043067097225
G2,2048,16,10,30,6,6,7,0.01,0,1392.6837393628193,1397.3851776597683,1392.6837393628193,1383.2802714002894
G2,2048,16,3,31,3,3,2,0.01,0,155772.0670858576,155936.29427541728,155772.0670858576,155224.7926687412
G2,2048,16,4,31,4,4,3,0.01,0,152010.51804935376,152335.21971038735,152010.51804935376,151243.55599875734
G2,2048,16,5,31,5,5,4,0.01,0,149303.78430182903,149510.19432464405,149303.78430182903,148403.33822861454
G2,2048,16,6,31,6,6,4,0.01,0,147273.70771699457,146661.21765885525,147273.70771699457,145704.75706927228
G2,2048,16,7,31,9,9,5,0.01,0,144605.91175565065,144463.2091982999,144605.91175565065,143476.95885812
G2,2048,16,8,31,7,7,5,0.01,0,142559.00680123724,143200.9427249018,142559.00680123724,141349.7884406146
G2,2048,16,9,31,8,8,6,0.01,0,140316.50345823469,141423.334727431,140316.50345823469,139354.6909299994
G2,2048,16,10,31,9,9,7,0.01,0,138787.9940589472,139719.8093908368,138787.9940589472,137698.86989740905
G2,2048,16,3,32,2,2,2,0.01,0,6257.4884415848555,6272.4843184896135,6257.4884415848555,6240.661881843551
G2,2048,16,4,32,3,3,3,0.01,0,6116.844324410259,6165.893014333646,6116.844324410259,6081.855011084688
G2,2048,16,5,32,5,5,4,0.01,0,5998.816002259563,6016.7143159522275,5998.816002259563,5963.91895843969
G2,2048,16,6,32,4,4,6,0.01,0,5930.351665677442,5922.980301606812,5930.351665677442,5854.437742654508
G2,2048,16,7,32,3,3,7,0.01,0,5877.335548896295,5852.421909496563,5877.335548896295,5767.674613509253
G2,2048,16,8,32,7,7,6,0.01,0,5749.841807021753,5790.13298587379,5749.841807021753,5685.881799434791
G2,2048,16,9,32,7,7,7,0.01,0,5677.018223163526,5672.375011109239,5677.018223163526,5607.557319597353
G2,2048,16,10,32,9,9,7,0.01,0,5596.6300125574635,5600.024263798572,5596.6300125574635,5540.938372077477
G2,2048,16,3,33,1,1,1,0.01,0,13950.847241339743,13941.427176780458,13950.847241339743,13886.295058665963
G2,2048,16,4,33,5,5,3,0.01,0,13589.227461074384,13696.818623396697,13589.227461074384,13525.245776687463
G2,2048,16,5,33,6,6,6,0.01,0,13355.51867817207,13326.43767941766,13355.51867817207,13269.392070156033
G2,2048,16,6,33,5,5,6,0.01,0,13154.442090385564,13150.647868194688,13154.442090385564,13003.666312378857
G2,2048,16,7,33,6,6,6,0.01,0,12989.986804943044,12929.313211130064,12989.986804943044,12814.432190312167
G2,2048,16,8,33,5,5,8,0.01,0,12759.660134436785,12760.425783322644,12759.660134436785,12628.198958233279
G2,2048,16,9,33,9,9,8,0.01,0,12546.655107514136,12579.043378521577,12546.655107514136,12472.92813635032
G2,2048,16,10,33,7,7,10,0.01,0,12413.774942483104,12391.563644448306,12413.774942483104,12319.059238478521
G2,2048,16,3,34,3,3,1,0.01,0,24854.649951178893,24834.957620692257,24854.649951178893,24757.08801111474
G2,2048,16,4,34,4,4,3,0.01,0,24310.10179512619,24328.74907558017,24310.10179512619,24147.105481930772
G2,2048,16,5,34,5,5,4,0.01,0,23866.761328960078,23876.925427086666,23866.761328960078,23695.6915454455
G2,2048,16,6,34,7,7,7,0.01,0,23485.599609167522,23456.031766654723,23485.599609167522,23261.466749790234
G2,2048,16,7,34,6,6,6,0.01,0,23203.730528451484,23237.59451917192,23203.730528451484,22880.841408189335
G2,2048,16,8,34,7,7,8,0.01,0,22762.93720246331,22727.680040087573,22762.93720246331,22528.532279769228
G2,2048,16,9,34,6,6,8,0.01,0,22483.441715634955,22535.981523864968,22483.441715634955,22225.998427463535
G2,2048,16,10,34,7,7,8,0.01,0,22191.833039996825,22206.690035124826,22191.833039996825,21970.600767372896
G2,2048,16,3,35,2,2,3,0.01,0,38898.61037835714,38869.45945772143,38898.61037835714,38709.17188859455
G2,2048,16,4,35,4,4,4,0.01,0,37932.17717037903,38192.04371743167,37932.17717037903,37717.697622156134
G2,2048,16,5,35,4,4,4,0.01,0,37321.01557288415,37246.16484995192,37321.01557288415,37045.045488846255
G2,2048,16,6,35,4,4,6,0.01,0,36776.353118298124,36567.44768190221,36776.353118298124,36378.000072810464
G2,2048,16,7,35,6,6,6,0.01,0,36249.41650234846,36043.576990939735,36249.41650234846,35810.25232232247
G2,2048,16,8,35,6,6,7,0.01,0,35620.43296445423,35638.438849234706,35620.43296445423,35308.21645180648
G2,2048,16,9,35,6,6,9,0.01,0,35141.91405050993,35191.461389449665,35141.91405050993,34834.73028149514
G2,2048,16,10,35,6,6,7,0.01,0,34686.70439675706,34739.3544725226,34686.70439675706,34386.47208961767
G2,2048,16,3,36,3,3,3,0.01,0,55612.97991725618,55627.68322040055,55612.97991725618,55442.07089178682
G2,2048,16,4,36,4,4,4,0.01,0,54255.670775002305,54651.05987555037,54255.670775002305,54046.49346961662
G2,2048,16,5,36,4,4,4,0.01,0,53497.174877449426,53973.12013549253,53497.174877449426,52979.18962167644
G2,2048,16,6,36,5,5,5,0.01,0,52683.41845843711,52672.789738328225,52683.41845843711,52044.28534709616
G2,2048,16,7,36,8,8,6,0.01,0,51873.51742095019,51723.09283108405,51873.51742095019,51288.033277808
G2,2048,16,8,36,9,9,5,0.01,0,50955.7494985962,51017.9179247788,50955.7494985962,50490.60318264583
G2,2048,16,9,36,9,9,7,0.01,0,50267.345412628194,50337.63384129356,50267.345412628194,49914.78652441468
G2,2048,16,10,36,9,9,6,0.01,0,49573.37325984753,49909.46272210496,49573.37325984753,49260.34423502318
G2,2048,16,3,37,2,2,2,0.01,0,76499.87389552945,76529.18655035034,76499.87389552945,76269.47780617597
G2,2048,16,4,37,3,3,4,0.01,0,74763.94868860213,74527.40866319404,74763.94868860213,74335.95290725215
G2,2048,16,5,37,5,5,5,0.01,0,73474.99967591943,73248.65046130624,73474.99967591943,72927.68063920349
G2,2048,16,6,37,7,7,5,0.01,0,72407.85779467368,72293.34138466633,72407.85779467368,71570.92155004083
G2,2048,16,7,37,7,7,5,0.01,0,71553.76993512377,70941.39044364994,71553.76993512377,70432.8734468068
G2,2048,16,8,37,10,10,6,0.01,0,70065.95882657319,70899.21464927304,70065.95882657319,69390.1641689926
G2,2048,16,9,37,9,9,7,0.01,0,69085.39031177793,69585.6456139316,69085.39031177793,68617.37247173252
G2,2048,16,10,37,8,8,6,0.01,0,68335.8521255695,68754.5197335735,68335.8521255695,67849.79664886947
G2,2048,16,3,38,2,2,2,0.01,0,99939.49994739506,99914.42650785149,99939.49994739506,99502.57512825151
G2,2048,16,4,38,5,5,2,0.01,0,97338.47710468857,97694.87815162071,97338.47710468857,96982.82982717823
G2,2048,16,5,38,5,5,4,0.01,0,95721.71860357666,95895.04950593482,95721.71860357666,95164.5009767161
G2,2048,16,6,38,5,5,5,0.01,0,94306.37804653277,94459.15613197359,94306.37804653277,93352.6201937461
G2,2048,16,7,38,6,6,5,0.01,0,93186.24679516844,93397.57222738855,93186.24679516844,91940.65635752381
G2,2048,16,8,38,6,6,5,0.01,0,91459.87127784484,91295.68423260102,91459.87127784484,90699.34578492766
G2,2048,16,9,38,7,7,7,0.01,0,90201.26183591774,90047.97851392333,90201.26183591774,89511.02343035556
G2,2048,16,10,38,7,7,10,0.01,0,89095.343669497,88956.14398333145,89095.343669497,88389.26560411052
G2,2048,16,3,39,4,4,2,0.01,0,125752.5079793372,125776.97660122644,125752.5079793372,125340.75908035415
G2,2048,16,4,39,5,5,3,0.01,0,122564.32543422104,123647.94986746911,122564.32543422104,121930.60273939758
G2,2048,16,5,39,5,5,5,0.01,0,120592.4832813802,121659.71871407365,120592.4832813802,119547.86085844124
G2,2048,16,6,39,5,5,9,0.01,0,118617.84410758645,119074.7980898312,118617.84410758645,117582.03910505664
G2,2048,16,7,39,8,8,10,0.01,0,116609.48970848168,117210.30124993208,116609.48970848168,115721.03391616933
G2,2048,16,8,39,6,6,9,0.01,0,114916.55481367369,115006.77790597675,114916.55481367369,114033.3834433404
G2,2048,16,9,39,7,7,8,0.01,0,113112.79308383806,113746.21305969928,113112.79308383806,112506.25998333794
G2,2048,16,10,39,8,8,10,0.01,0,111505.38542765327,112018.51594138803,111505.38542765327,111275.89358205194
G2,2048,2,3,40,4,4,4,0.01,0,171.3194828056233,173.61145331412823,171.3194828056233,170.18588783359644
G2,2048,2,4,40,6,6,4,0.01,0,136.9667105806188,149.61466651336988,136.9667105806188,136.38719621254634
G2,2048,2,5,40,6,6,5,0.01,0,112.64344806325778,116.37714301015058,112.64344806325778,112.49881832173565
G2,2048,2,6,40,6,6,6,0.01,0,103.28251974950891,93.70192020755404,103.28251974950891,91.59913347337547
G2,2048,2,7,40,6,6,7,0.01,0,97.69349470641437,82.67714946161627,97.69349470641437,81.82903216211342
G2,2048,2,8,40,6,6,11,0.01,0,76.79176485027168,72.95036320371801,76.79176485027168,72.34456563461231
G2,2048,2,9,40,7,7,12,0.01,0,67.23439494035217,66.8375632526392,67.23439494035217,66.66479665187555
G2,2048,2,10,40,10,10,15,0.01,0,61.4640734626069,61.15682003650218,61.4640734626069,61.13309621233001
G2,2048,2,3,41,12,8,6,0.01,0,11343.16113861915,11064.636657173214,11087.986624537076,11061.493399719346
G2,2048,2,4,41,9,9,9,0.01,0,8717.472021216417,8730.368917843061,8717.472021216417,8650.697698080961
G2,2048,2,5,41,8,8,13,0.01,0,7208.206253409267,7227.021679467194,7208.206253409267,7199.788954174719
G2,2048,2,6,41,12,12,6,0.01,0,6139.919121194478,6222.346908228599,6139.919121194478,6047.450846485071
G2,2048,2,7,41,14,14,10,0.01,0,5383.667359645778,5452.52550321102,5383.667359645778,5263.446537218566
G2,2048,2,8,41,12,8,10,0.01,0,4965.706990877301,4733.805523873982,4890.60878075425,4594.238972411875
G2,2048,2,9,41,13,13,13,0.01,0,4185.464754568001,4178.218579065653,4185.464754568001,4125.833308884534
G2,2048,2,10,41,13,19,8,0.01,0,3862.630518028099,3921.8537083662977,3799.014338569841,3742.5592644668677
G2,2048,2,3,42,7,7,4,0.01,0,661.1450979116898,666.8266467908317,661.1450979116898,658.522087903096
G2,2048,2,4,42,7,7,5,0.01,0,529.6292774648637,588.3462138495723,529.6292774648637,526.9812781858575
G2,2048,2,5,42,5,5,6,0.01,0,444.0454642407865,457.72079543471466,444.0454642407865,441.9343310064307
G2,2048,2,6,42,10,10,7,0.01,0,399.70802157778746,414.3561405800676,399.70802157778746,356.78205924289966
G2,2048,2,7,42,5,5,10,0.01,0,381.26077276457715,323.60582147229957,381.26077276457715,314.1355305809257
G2,2048,2,8,42,6,6,7,0.01,0,300.33404167768526,296.2104234758125,300.33404167768526,275.58306619394847
G2,2048,2,9,42,12,12,6,0.01,0,260.02061113376584,257.43236478122293,260.02061113376584,254.12924924771656
G2,2048,2,10,42,7,7,7,0.01,0,244.31940863179085,238.1217833753132,244.31940863179085,234.32672690090288
G2,2048,2,3,43,1,1,3,0.01,0,1501.592770007298,1483.8084974438407,1501.592770007298,1476.065592745567
G2,2048,2,4,43,3,3,6,0.01,0,1208.9301557250717,1285.8515193727703,1208.9301557250717,1186.5648316524166
G2,2048,2,5,43,5,5,4,0.01,0,995.6901306227154,998.2136719234292,995.6901306227154,980.3216195458263
G2,2048,2,6,43,10,10,22,0.01,0,820.2121042627059,810.3000730784156,820.2121042627059,806.9929361815241
G2,2048,2,7,43,10,10,11,0.01,0,719.1949549044223,725.2060432217411,719.1949549044223,711.5557649091825
G2,2048,2,8,43,31,31,5,0.01,0,630.6995599320901,631.673987737006,630.6995599320901,627.0164386416623
G2,2048,2,9,43,10,10,6,0.01,0,579.9668489608625,583.6497544338955,579.9668489608625,573.5367808223422
G2,2048,2,10,43,11,11,19,0.01,0,537.2566424688417,524.6738279448772,537.2566424688417,523.7617502413996
G2,2048,2,3,44,5,5,3,0.01,0,2453.41523661508,2509.2075491291134,2453.41523661508,2452.112875283925
G2,2048,2,4,44,9,9,14,0.01,0,1946.101997473335,1948.8156587952371,1946.101997473335,1940.866805345227
G2,2048,2,5,44,6,6,16,0.01,0,1608.998078658311,1570.7912134506055,1608.998078658311,1565.8204997604807
G2,2048,2,6,44,9,9,15,0.01,0,1368.1682536345147,1367.9001580118309,1368.1682536345147,1342.7514691787624
G2,2048,2,7,44,16,16,16,0.01,0,1210.7650047591187,1227.124596557382,1210.7650047591187,1174.4831667992398
G2,2048,2,8,44,6,6,10,0.01,0,1082.7671957331436,1059.4252126839874,1082.7671957331436,1040.8214651939245
G2,2048,2,9,44,7,7,8,0.01,0,960.1490824711166,957.7743476997464,960.1490824711166,932.287568255917
G2,2048,2,10,44,8,8,10,0.01,0,885.9661372419554,850.6796838074854,885.9661372419554,838.7582017903774
G2,2048,2,3,45,4,4,4,0.01,0,3509.408101431229,3493.685100888244,3509.408101431229,3492.0550407532155
G2,2048,2,4,45,4,4,18,0.01,0,2851.9314802492363,2707.4088521159124,2851.9314802492363,2697.4519201264607
G2,2048,2,5,45,10,10,15,0.01,0,2210.116919605106,2216.9055249663706,2210.116919605106,2200.3990145358093
G2,2048,2,6,45,14,10,19,0.01,0,1915.643084679712,1880.2875867745554,1918.6160795584415,1879.2550170216477
G2,2048,2,7,45,14,14,9,0.01,0,1718.893009627592,1678.1239942632603,1718.893009627592,1662.219218179186
G2,2048,2,8,45,22,22,8,0.01,0,1468.9647167393891,1460.2691707283655,1468.9647167393891,1453.3961211021392
G2,2048,2,9,45,9,9,7,0.01,0,1376.5495344731512,1327.123304247455,1376.5495344731512,1311.1834980630845
G2,2048,2,10,45,12,12,15,0.01,0,1217.0456550042784,1214.0595209086805,1217.0456550042784,1196.0832940706932
G2,2048,2,3,46,7,7,11,0.01,0,4812.28660373484,4805.883250213745,4812.28660373484,4788.900480501832
G2,2048,2,4,46,6,6,9,0.01,0,3736.7514404826343,3736.2760098912836,3736.7514404826343,3718.6961335413052
G2,2048,2,5,46,10,4,9,0.01,0,3057.753465186147,3004.4793627512754,3005.310236091082,2995.0073930160024
G2,2048,2,6,46,8,8,7,0.01,0,2645.997165311997,2617.565210167184,2645.997165311997,2585.0451320789043
G2,2048,2,7,46,18,18,20,0.01,0,2344.9639162443627,2252.3445796325577,2344.9639162443627,2251.2049007110973
G2,2048,2,8,46,10,10,8,0.01,0,2092.0517836018607,1987.5254909432838,2092.0517836018607,1980.1248997483526
G2,2048,2,9,46,9,9,10,0.01,0,1865.8194280933958,1779.4294665812104,1865.8194280933958,1772.325371261017
G2,2048,2,10,46,4,4,13,0.01,0,1781.9892840982266,1627.6326170735347,1781.9892840982266,1620.3556611727568
G2,2048,2,3,47,6,6,5,0.01,0,6168.849459976504,6220.837689729264,6187.464775201466,6150.617963694899
G2,2048,2,4,47,16,14,15,0.01,0,4758.762980209362,4765.056969612684,4760.579656482499,4742.401500259448
G2,2048,2,5,47,10,18,14,0.01,0,3989.363858930317,3906.2390995965243,3972.860874762831,3890.8795767103757
G2,2048,2,6,47,14,11,10,0.01,0,3361.9111908093078,3362.449548596384,3343.594890621236,3322.276874119437
G2,2048,2,7,47,15,15,14,0.01,0,2993.0211839403746,3013.655817042396,2993.0211839403746,2912.741784348622
G2,2048,2,8,47,20,20,6,0.01,0,2608.9908795162664,2749.7036489726725,2608.9908795162664,2592.0861105398008
G2,2048,2,9,47,21,21,14,0.01,0,2402.584463577007,2361.0389780353535,2402.584463577007,2314.630550322813
G2,2048,2,10,47,16,16,16,0.01,0,2172.9963664549496,2126.116606314127,2172.9963664549496,2102.4629220983825
G2,2048,2,3,48,6,6,6,0.01,0,7924.450387306062,7844.752489097036,7924.450387306062,7804.921763262242
G2,2048,2,4,48,19,8,8,0.01,0,6136.849619370292,5973.510667448349,5945.1813389995095,5941.326903767026
G2,2048,2,5,48,8,8,9,0.01,0,4990.795172336643,5051.352478143373,4990.795172336643,4976.400153408553
G2,2048,2,6,48,11,11,6,0.01,0,4296.687550477253,4294.918176858844,4296.687550477253,4267.88534116472
G2,2048,2,7,48,11,11,6,0.01,0,3772.86243135865,3856.035399720865,3772.86243135865,3729.824066349999
G2,2048,2,8,48,9,9,11,0.01,0,3457.4676540234195,3367.7565423040255,3457.4676540234195,3295.5227010349095
G2,2048,2,9,48,19,19,8,0.01,0,3055.7100099966283,3049.025246964986,3055.7100099966283,2985.6953619435158
G2,2048,2,10,48,8,8,16,0.01,0,2768.0045133798167,2750.714523735948,2768.0045133798167,2737.0787114790805
G2,2048,2,3,49,6,6,5,0.01,0,9436.131096151665,9487.938588324108,9436.131096151665,9269.779092565486
G2,2048,2,4,49,12,12,7,0.01,0,7172.459569462823,7431.625925190436,7172.459569462823,7148.022797636337
G2,2048,2,5,49,12,12,8,0.01,0,5951.091245209159,5942.112326636936,5951.091245209159,5934.35843965582
G2,2048,2,6,49,13,13,18,0.01,0,5148.709291777862,5105.704963184937,5148.709291777862,5059.078205271422
G2,2048,2,7,49,13,8,9,0.01,0,4623.902840923164,4745.89287528938,4475.798343834356,4461.057752665207
G2,2048,2,8,49,12,20,11,0.01,0,4091.572540106188,3949.3254740666343,3966.4816573597814,3938.5799010402543
G2,2048,2,9,49,12,12,12,0.01,0,3578.058129406246,3586.6949599671902,3578.058129406246,3562.941944572188
G2,2048,2,10,49,11,11,13,0.01,0,3293.481358055242,3331.586661827983,3293.481358055242,3264.8598679301385
G2,2048,256,3,50,1,1,1,0.01,0,25581.0302846782,25582.865698299414,25581.0302846782,25558.776144838157
G2,2048,256,4,50,1,1,1,0.01,0,25528.915245793178,25526.678217524415,25528.915245793178,25488.767030570136
G2,2048,256,5,50,2,2,1,0.01,0,25474.07265119333,25478.755860504374,25474.07265119333,25433.87089841687
G2,2048,256,6,50,2,2,2,0.01,0,25435.487517658512,25428.191331160226,25435.487517658512,25382.50069036829
G2,2048,256,7,50,2,2,2,0.01,0,25406.33873736295,25391.222819887527,25406.33873736295,25337.386888789297
G2,2048,256,8,50,2,2,2,0.01,0,25383.508718045177,25364.816648629618,25383.508718045177,25297.52327121678
G2,2048,256,9,50,2,2,2,0.01,0,25341.793093341592,25320.545838193826,25341.793093341592,25258.511622544436
G2,2048,256,10,50,2,2,2,0.01,0,25309.744456994922,25283.706108283528,25309.744456994922,25223.258356924045
G2,2048,256,3,51,1,1,1,0.01,0,2551845.01436295,2551965.108101433,2551845.01436295,2549819.741441805
G2,2048,256,4,51,1,1,1,0.01,0,2546210.6053094286,2546024.406225144,2546210.6053094286,2543032.7210990926
G2,2048,256,5,51,1,1,1,0.01,0,2544450.4954412538,2541913.025002369,2544450.4954412538,2537874.615466275
G2,2048,256,6,51,2,2,2,0.01,0,2538868.756609956,2536427.0044198046,2538868.756609956,2532105.3496424556
G2,2048,256,7,51,2,2,2,0.01,0,2535242.204788903,2532708.2598656216,2535242.204788903,2528040.2264780207
G2,2048,256,8,51,2,2,2,0.01,0,2531054.702438019,2528686.3019921323,2531054.702438019,2524130.35249645
G2,2048,256,9,51,2,2,2,0.01,0,2526494.7392672477,2525117.7999854307,2526494.7392672477,2519939.4322808385
G2,2048,256,10,51,2,2,2,0.01,0,2523995.4748119963,2521718.5453915023,2523995.4748119963,2516841.6109146494
G2,2048,256,3,52,1,1,1,0.01,0,102141.98794895737,102104.3192408755,102141.98794895737,102048.80958630076
G2,2048,256,4,52,1,1,1,0.01,0,101914.09500067474,101872.64478349878,101914.09500067474,101757.71823879519
G2,2048,256,5,52,2,2,1,0.01,0,101677.49132289385,101688.4327365986,101677.49132289385,101542.09977419578
G2,2048,256,6,52,2,2,2,0.01,0,101533.0763100087,101496.09799467344,101533.0763100087,101345.52814679648
G2,2048,256,7,52,2,2,2,0.01,0,101412.52215327529,101320.84408801701,101412.52215327529,101154.1429088393
G2,2048,256,8,52,2,2,2,0.01,0,101240.69900869628,101179.97605475478,101240.69900869628,100997.57933599873
G2,2048,256,9,52,2,2,2,0.01,0,101091.09201299393,101002.78878801492,101091.09201299393,100860.12013247109
G2,2048,256,10,52,2,2,2,0.01,0,100960.66735611636,100868.41395763212,100960.66735611636,100683.36629725483
G2,2048,256,3,53,1,1,1,0.01,0,229925.4770999461,229920.99114123188,229925.4770999461,229755.41005606198
G2,2048,256,4,53,1,1,1,0.01,0,229386.6347925023,229439.64909241142,229386.6347925023,229092.2612346543
G2,2048,256,5,53,1,1,1,0.01,0,228962.39012037317,229024.93720460605,228962.39012037317,228617.1453573812
G2,2048,256,6,53,2,2,2,0.01,0,228510.95009645715,228480.24219442526,228510.95009645715,228145.6081107899
G2,2048,256,7,53,2,2,2,0.01,0,228237.36663385178,228152.50089460093,228237.36663385178,227797.37808404164
G2,2048,256,8,53,2,2,2,0.01,0,227864.15138330724,227925.18575096695,227864.15138330724,227389.5953013722
G2,2048,256,9,53,2,2,2,0.01,0,227483.12364457396,227558.66039165691,227483.12364457396,227012.37343725126
G2,2048,256,10,53,2,2,2,0.01,0,227170.5481620524,227256.89981033286,227170.5481620524,226696.01000838116
G2,2048,256,3,54,1,1,1,0.01,0,408520.86057299154,408534.4865446987,408520.86057299154,408248.34750488354
G2,2048,256,4,54,1,1,1,0.01,0,407626.8517230413,407612.0505589079,407626.8517230413,407135.7361370836
G2,2048,256,5,54,1,1,1,0.01,0,406909.0052025113,406933.1884452754,406909.0052025113,406282.1620606197
G2,2048,256,6,54,2,2,1,0.01,0,406001.39038411906,406277.0030688514,406001.39038411906,405392.33586665743
G2,2048,256,7,54,2,2,2,0.01,0,405500.9101954786,405378.05739931,405500.9101954786,404775.4754732187
G2,2048,256,8,54,2,2,2,0.01,0,404830.16307987017,404905.06638993585,404830.16307987017,404010.18855595135
G2,2048,256,9,54,2,2,2,0.01,0,404047.7127719724,404322.6461427958,404047.7127719724,403364.48936641053
G2,2048,256,10,54,3,3,2,0.01,0,403402.9647701386,403877.1838810893,403402.9647701386,402836.2566169228
G2,2048,256,3,55,1,1,1,0.01,0,638128.3791648898,638124.3039970207,638128.3791648898,637620.3895016591
G2,2048,256,4,55,1,1,1,0.01,0,636771.5569246759,637008.8889327671,636771.5569246759,635876.7518938242
G2,2048,256,5,55,1,1,1,0.01,0,635610.7978753002,636106.6675731055,635610.7978753002,634537.1998135038
G2,2048,256,6,55,2,2,1,0.01,0,634228.9413451583,635523.6032520661,634228.9413451583,633219.626982376
G2,2048,256,7,55,2,2,2,0.01,0,633718.1977582427,633644.3370075535,633718.1977582427,632089.0203603475
G2,2048,256,8,55,2,2,2,0.01,0,632762.1177786151,632356.0436047902,632762.1177786151,631149.4451389414
G2,2048,256,9,55,2,2,2,0.01,0,631670.781897069,631290.6554566419,631670.781897069,630118.9166867853
G2,2048,256,10,55,3,3,2,0.01,0,630595.0214552144,630823.9744136916,630595.0214552144,629136.8551300725
G2,2048,256,3,56,1,1,1,0.01,0,917785.6009493086,917707.4861780363,917785.6009493086,917138.6544311512
G2,2048,256,4,56,1,1,1,0.01,0,915656.8230872862,915667.3723397942,915656.8230872862,914508.284952032
G2,2048,256,5,56,1,1,1,0.01,0,914108.7893226291,913943.7189489601,914108.7893226291,912631.009584148
G2,2048,256,6,56,2,2,2,0.01,0,912598.6306482779,911929.4325594519,912598.6306482779,910773.4568994063
G2,2048,256,7,56,2,2,2,0.01,0,911425.0735451767,910374.463276217,911425.0735451767,909072.7415519148
G2,2048,256,8,56,2,2,2,0.01,0,909752.9396299901,909133.8507612502,909752.9396299901,907590.1012218362
G2,2048,256,9,56,2,2,2,0.01,0,908498.6210987333,907993.877196344,908498.6210987333,906267.6341421355
G2,2048,256,10,56,2,2,2,0.01,0,907170.1805104981,906791.3115806025,907170.1805104981,904832.6638075807
G2,2048,256,3,57,1,1,1,0.01,0,1253628.3015291134,1253681.3566985545,1253628.3015291134,1252859.4436753155
G2,2048,256,4,57,1,1,1,0.01,0,1250832.9666704112,1251258.0240455745,1250832.9666704112,1249390.5110921906
G2,2048,256,5,57,2,2,1,0.01,0,1248063.2497376283,1249102.6972689177,1248063.2497376283,1246669.571332654
G2,2048,256,6,57,2,2,2,0.01,0,1246316.660903487,1245946.6222814014,1246316.660903487,1244086.5017619254
G2,2048,256,7,57,2,2,2,0.01,0,1244476.0816178552,1244163.8073641877,1244476.0816178552,1241897.6669335843
G2,2048,256,8,57,2,2,2,0.01,0,1242479.3749912549,1242094.7316313987,1242479.3749912549,1239586.8037829967
G2,2048,256,9,57,2,2,2,0.01,0,1240608.5168018595,1240315.2925731714,1240608.5168018595,1238087.9460062096
G2,2048,256,10,57,2,2,2,0.01,0,1238901.6195294703,1238839.206905223,1238901.6195294703,1236087.3557390962
G2,2048,256,3,58,1,1,1,0.01,0,1634300.9669544862,1634662.881717315,1634300.9669544862,1633261.672271293
G2,2048,256,4,58,1,1,1,0.01,0,1630754.2407913378,1631341.7495672912,1630754.2407913378,1628707.119626868
G2,2048,256,5,58,1,1,1,0.01,0,1628043.0426081205,1629304.5238426812,1628043.0426081205,1625254.6789214187
G2,2048,256,6,58,1,1,2,0.01,0,1625823.333496639,1625568.0530524706,1625823.333496639,1622073.5603824777
G2,2048,256,7,58,2,2,2,0.01,0,1623527.609804683,1622584.2166957832,1623527.609804683,1618938.3821370164
G2,2048,256,8,58,2,2,2,0.01,0,1620687.8753950477,1619825.3854874393,1620687.8753950477,1616518.341103946
G2,2048,256,9,58,2,2,2,0.01,0,1618206.3166719433,1618270.7700506193,1618206.3166719433,1614241.4323789172
G2,2048,256,10,58,2,2,2,0.01,0,1616366.892853343,1616560.3445157658,1616366.892853343,1611483.781846608
G2,2048,256,3,59,1,1,1,0.01,0,2061769.492364778,2061908.9065138488,2061769.492364778,2060374.5107049344
G2,2048,256,4,59,1,1,1,0.01,0,2056948.2813214208,2059695.0589239118,2056948.2813214208,2054716.2292735658
G2,2048,256,5,59,1,1,1,0.01,0,2054642.889355739,2056630.8880962306,2054642.889355739,2050383.0134337042
G2,2048,256,6,59,2,2,2,0.01,0,2050104.982866441,2051373.901183437,2050104.982866441,2046040.7748411647
G2,2048,256,7,59,2,2,2,0.01,0,2047190.0357746673,2048651.7192500876,2047190.0357746673,2042677.921907355
G2,2048,256,8,59,2,2,2,0.01,0,2043118.2676288257,2043765.6784019056,2043118.2676288257,2038863.5795098385
G2,2048,256,9,59,2,2,2,0.01,0,2040014.2087989948,2041037.0666469042,2040014.2087989948,2035892.6254170064
G2,2048,256,10,59,3,3,2,0.01,0,2035706.4270259237,2038485.8246605946,2035706.4270259237,2032627.2130433249
G2,2048,32,3,60,1,1,1,0.01,0,3161.038878840492,3161.7962750839547,3161.038878840492,3150.88155770312
G2,2048,32,4,60,3,3,2,0.01,0,3118.3638335304927,3132.703310196759,3118.3638335304927,3106.1333253896246
G2,2048,32,5,60,3,3,3,0.01,0,3089.3471539175616,3091.9587377660523,3089.3471539175616,3075.791405798143
G2,2048,32,6,60,5,5,3,0.01,0,3063.4187875738808,3069.5659294383977,3063.4187875738808,3045.2474098186667
G2,2048,32,7,60,5,5,4,0.01,0,3044.3646183955507,3041.5148973984233,3044.3646183955507,3020.238568943865
G2,2048,32,8,60,6,6,5,0.01,0,3011.9617944820625,3018.423596747275,3011.9617944820625,2997.1120888797996
G2,2048,32,9,60,6,6,4,0.01,0,2987.2923305061086,3001.069042904488,2987.2923305061086,2976.8460171276292
G2,2048,32,10,60,6,6,6,0.01,0,2968.065812945705,2978.422390402572,2968.065812945705,2960.428742357048
G2,2048,32,3,61,2,2,2,0.01,0,315535.6032756792,315735.8867640805,315535.6032756792,314701.2699393554
G2,2048,32,4,61,3,3,3,0.01,0,311470.8813376543,311852.0115358449,311470.8813376543,310275.9743866818
G2,2048,32,5,61,4,4,5,0.01,0,308440.05618895305,308236.4880020907,308440.05618895305,307101.726965445
G2,2048,32,6,61,4,4,5,0.01,0,306099.7194354733,305455.8291430451,306099.7194354733,303977.80340734264
G2,2048,32,7,61,5,5,5,0.01,0,303694.8932317239,303105.1425173983,303694.8932317239,301562.5989104046
G2,2048,32,8,61,5,5,6,0.01,0,300876.6674843407,300474.0068433591,300876.6674843407,299297.936388369
G2,2048,32,9,61,5,5,6,0.01,0,298635.94816295686,298558.111804059,298635.94816295686,297098.83793887775
G2,2048,32,10,61,5,5,6,0.01,0,297235.22082693933,296508.3130066447,297235.22082693933,294841.6932061071
G2,2048,32,3,62,1,1,1,0.01,0,12645.188603517912,12647.857296117338,12645.188603517912,12612.836109362013
G2,2048,32,4,62,2,2,2,0.01,0,12484.442097467207,12525.110355417335,12484.442097467207,12438.332957733655
G2,2048,32,5,62,3,3,3,0.01,0,12358.73439978971,12361.497626046472,12358.73439978971,12309.718473166526
G2,2048,32,6,62,3,3,4,0.01,0,12276.84039572794,12232.531119592173,12276.84039572794,12188.533906676577
G2,2048,32,7,62,3,3,4,0.01,0,12202.508196790233,12144.638282811165,12202.508196790233,12086.56208963091
G2,2048,32,8,62,4,4,4,0.01,0,12082.533081800233,12052.720691709792,12082.533081800233,11993.231155827394
G2,2048,32,9,62,5,5,5,0.01,0,11973.30636737374,11984.016995438304,11973.30636737374,11900.559387658868
G2,2048,32,10,62,5,5,5,0.01,0,11903.037368135294,11915.233323204644,11903.037368135294,11830.518160960453
G2,2048,32,3,63,1,1,1,0.01,0,28246.52261133787,28241.57530859929,28246.52261133787,28170.911876783925
G2,2048,32,4,63,3,3,2,0.01,0,27897.376753025696,27981.653627174463,27897.376753025696,27786.69284673308
G2,2048,32,5,63,4,4,4,0.01,0,27627.526982597905,27597.234674268453,27627.526982597905,27492.033431109063
G2,2048,32,6,63,4,4,5,0.01,0,27436.40006694584,27348.670047035732,27436.40006694584,27229.969574257128
G2,2048,32,7,63,5,5,5,0.01,0,27251.361922471493,27150.214580492582,27251.361922471493,27013.40249515894
G2,2048,32,8,63,5,5,4,0.01,0,27009.1073858452,26935.333480067064,27009.1073858452,26793.80880842641
G2,2048,32,9,63,7,7,5,0.01,0,26776.689027241908,26707.428525015013,26776.689027241908,26618.94758110668
G2,2048,32,10,63,6,6,5,0.01,0,26622.70599077364,26567.4347106501,26622.70599077364,26428.11820253761
G2,2048,32,3,64,1,1,1,0.01,0,50310.995862636184,50362.06988571135,50310.995862636184,50183.07396312429
G2,2048,32,4,64,3,3,2,0.01,0,49679.306039944204,49864.7144967628,49679.306039944204,49457.248722473494
G2,2048,32,5,64,3,3,2,0.01,0,49271.126007734965,49497.524097335874,49271.126007734965,48989.05324274412
G2,2048,32,6,64,3,3,3,0.01,0,48914.349177641314,49127.24772046128,48914.349177641314,48490.63347154887
G2,2048,32,7,64,3,3,5,0.01,0,48636.19732850044,48426.99603094539,48636.19732850044,48081.737619601394
G2,2048,32,8,64,5,5,5,0.01,0,48091.62792256886,48019.49752022303,48091.62792256886,47701.074390822236
G2,2048,32,9,64,5,5,5,0.01,0,47679.36846606056,47691.58205452394,47679.36846606056,47405.61666353673
G2,2048,32,10,64,5,5,5,0.01,0,47381.37193734607,47435.67138362518,47381.37193734607,47092.88370325268
G2,2048,32,3,65,2,2,1,0.01,0,79307.86939780216,79291.20630326396,79307.86939780216,79036.84733489629
G2,2048,32,4,65,3,3,3,0.01,0,78201.5138704997,78199.09990927305,78201.5138704997,77937.68803733587
G2,2048,32,5,65,4,4,4,0.01,0,77432.11863456375,77438.61473912954,77432.11863456375,77164.58706055862
G2,2048,32,6,65,3,3,4,0.01,0,76935.44844703484,76923.69639390492,76935.44844703484,76375.58662941471
G2,2048,32,7,65,4,4,5,0.01,0,76410.74140761115,76324.09284828893,76410.74140761115,75797.95981391762
G2,2048,32,8,65,5,5,5,0.01,0,75649.35579463407,76057.85627130947,75649.35579463407,75118.40903912134
G2,2048,32,9,65,5,5,5,0.01,0,75119.72289782729,75378.70752282265,75119.72289782729,74614.07578904278
G2,2048,32,10,65,5,5,6,0.01,0,74626.10068888808,74737.78913504427,74626.10068888808,74194.20645532283
G2,2048,32,3,66,2,2,2,0.01,0,113756.82180222473,113701.83860874028,113756.82180222473,113516.46548999067
G2,2048,32,4,66,3,3,2,0.01,0,112308.76677281914,112617.07753025665,112308.76677281914,111943.3372855973
G2,2048,32,5,66,4,4,4,0.01,0,111280.25105500055,111096.91313999437,111280.25105500055,110798.88159219974
G2,2048,32,6,66,4,4,4,0.01,0,110501.78714300538,110083.74855824321,110501.78714300538,109663.40154318075
G2,2048,32,7,66,4,4,5,0.01,0,109737.27859341548,109198.17871501381,109737.27859341548,108774.30960508532
G2,2048,32,8,66,5,5,6,0.01,0,108644.37911111466,108484.99388320702,108644.37911111466,107951.37445873776
G2,2048,32,9,66,5,5,6,0.01,0,107825.83293675502,107805.77070583496,107825.83293675502,107188.1457399865
G2,2048,32,10,66,5,5,5,0.01,0,107102.16934912646,107280.99474592303,107102.16934912646,106401.98639959781
G2,2048,32,3,67,4,4,2,0.01,0,154748.1857742462,154588.0974719462,154748.1857742462,154312.74959196028
G2,2048,32,4,67,3,3,2,0.01,0,152853.52109287487,153172.99085195357,152853.52109287487,152197.5382328661
G2,2048,32,5,67,4,4,3,0.01,0,151274.18146096688,151210.90990380975,151274.18146096688,150624.39219142782
G2,2048,32,6,67,5,5,4,0.01,0,150084.75725612778,149766.86826937099,150084.75725612778,149174.7576397112
G2,2048,32,7,67,6,6,4,0.01,0,149032.25602256737,148596.6336701187,149032.25602256737,147885.40654758504
G2,2048,32,8,67,5,5,5,0.01,0,147735.5114163019,147757.38145080645,147735.5114163019,146718.4445235571
G2,2048,32,9,67,7,7,6,0.01,0,146545.53602260636,146516.73593028053,146545.53602260636,145683.53889375235
G2,2048,32,10,67,7,7,6,0.01,0,145471.17786971218,145450.73768768663,145471.17786971218,144686.1177270804
G2,2048,32,3,68,1,1,2,0.01,0,201989.89038865175,201663.0541760781,201989.89038865175,201144.2227565731
G2,2048,32,4,68,3,3,2,0.01,0,199198.28943010475,199883.1928663647,199198.28943010475,198366.5002492224
G2,2048,32,5,68,4,4,3,0.01,0,197245.9481468175,197304.98252309824,197245.9481468175,196410.14396024635
G2,2048,32,6,68,5,5,4,0.01,0,195573.48177786858,195622.00205478087,195573.48177786858,194444.46714486094
G2,2048,32,7,68,5,5,5,0.01,0,194280.3678266622,193678.0571318434,194280.3678266622,192737.3259515151
G2,2048,32,8,68,6,6,4,0.01,0,192227.78745087358,192786.97579746717,192227.78745087358,191282.92986612543
G2,2048,32,9,68,6,6,6,0.01,0,190997.7487174933,191102.15953800778,190997.7487174933,189960.97945062353
G2,2048,32,10,68,6,6,5,0.01,0,189712.07826077435,190016.08527300291,189712.07826077435,188733.34097879715
G2,2048,32,3,69,2,2,2,0.01,0,254675.38837580266,254499.1353527784,254675.38837580266,254097.4590077197
G2,2048,32,4,69,2,2,2,0.01,0,251684.94800016802,252293.3022875439,251684.94800016802,250663.0663813785
G2,2048,32,5,69,4,4,3,0.01,0,249085.15075523622,249102.03015310626,249085.15075523622,248006.66776171408
G2,2048,32,6,69,4,4,4,0.01,0,247109.2426588423,247293.23127905725,247109.2426588423,245495.54487211606
G2,2048,32,7,69,4,4,5,0.01,0,245508.0548787841,244828.92507242173,245508.0548787841,243461.40156781743
G2,2048,32,8,69,4,4,5,0.01,0,243404.44853200152,243077.8570946754,243404.44853200152,241575.68403079567
G2,2048,32,9,69,4,4,8,0.01,0,241574.20559808385,240696.3854160873,241574.20559808385,239812.99627679447
G2,2048,32,10,69,5,5,6,0.01,0,239805.0868796453,239682.12607889713,239805.0868796453,238263.46788020065
G2,2048,4,3,70,5,5,1,0.01,0,361.1724446576731,366.1652677654769,361.1724446576731,360.77807993144756
G2,2048,4,4,70,6,6,7,0.01,0,327.22696693719087,340.3074393066452,327.22696693719087,326.27114312375215
G2,2048,4,5,70,6,6,7,0.01,0,306.23308718039107,309.33898202214743,306.23308718039107,303.0777031306619
G2,2048,4,6,70,6,6,4,0.01,0,288.63426696488807,297.0578687991614,288.63426696488807,280.0594634355779
G2,2048,4,7,70,7,7,19,0.01,0,275.8854593956069,266.56501442717325,275.8854593956069,262.7716963404008
G2,2048,4,8,70,8,8,8,0.01,0,252.95832482400266,253.592374042108,252.95832482400266,246.4416577290669
G2,2048,4,9,70,8,8,9,0.01,0,234.7915345110334,237.06303413466904,234.7915345110334,232.63994336100245
G2,2048,4,10,70,9,9,12,0.01,0,221.0475984981919,222.7746809584795,221.0475984981919,220.83363574410527
G2,2048,4,3,71,7,7,4,0.01,0,32570.907167217487,32473.867994816683,32570.907167217487,32241.1086853605
G2,2048,4,4,71,7,7,8,0.01,0,29424.93251487913,29171.610597875257,29424.93251487913,29078.309128004876
G2,2048,4,5,71,10,10,6,0.01,0,26812.31116789495,27024.365631445915,26812.31116789495,26428.74377168761
G2,2048,4,6,71,9,9,10,0.01,0,24542.564617290143,24703.42695755489,24542.564617290143,24204.413769599883
G2,2048,4,7,71,7,7,6,0.01,0,23008.937569704238,23009.06752193955,23008.937569704238,22520.23698961689
G2,2048,4,8,71,12,12,7,0.01,0,21431.31302445529,21734.754001924768,21431.31302445529,21132.75414437337
G2,2048,4,9,71,7,7,10,0.01,0,20429.748987593917,20285.92549742671,20429.748987593917,19967.24380556557
G2,2048,4,10,71,10,10,6,0.01,0,19621.375228099474,19445.28784722667,19621.375228099474,19083.41812430887
G2,2048,4,3,72,5,5,1,0.01,0,1415.9394655171416,1432.2556592995002,1415.9394655171416,1412.3118080320605
G2,2048,4,4,72,5,5,1,0.01,0,1281.9721151300705,1315.6849984553844,1281.9721151300705,1277.8831096752529
G2,2048,4,5,72,5,5,16,0.01,0,1202.3705257333677,1190.6162266322883,1202.3705257333677,1187.2921721527323
G2,2048,4,6,72,6,6,19,0.01,0,1144.1005791327798,1121.4963561812879,1144.1005791327798,1099.0300073572084
G2,2048,4,7,72,6,6,7,0.01,0,1087.61555118558,1086.9521855122125,1087.61555118558,1029.693296135684
G2,2048,4,8,72,7,7,9,0.01,0,998.9583228799796,980.7527918629555,998.9583228799796,963.8998561519248
G2,2048,4,9,72,12,12,10,0.01,0,929.2014720868251,926.9885156837229,929.2014720868251,913.6702215843396
G2,2048,4,10,72,7,7,9,0.01,0,880.7109607180842,888.2960583884242,880.7109607180842,865.2063204866142
G2,2048,4,3,73,3,3,6,0.01,0,3335.058410344158,3338.4259453872755,3335.058410344158,3326.61860614622
G2,2048,4,4,73,5,5,5,0.01,0,3027.6543189627864,3115.6843781259495,3027.6543189627864,3010.069978626064
G2,2048,4,5,73,8,8,8,0.01,0,2830.1938052235223,2806.00606166506,2830.1938052235223,2788.2346078425026
G2,2048,4,6,73,10,10,5,0.01,0,2655.0241087006043,2597.046109661339,2655.0241087006043,2574.9461556331908
G2,2048,4,7,73,8,8,7,0.01,0,2552.1220057699525,2427.3362492977562,2552.1220057699525,2409.639263221966
G2,2048,4,8,73,9,9,15,0.01,0,2322.111102514515,2269.652706973833,2322.111102514515,2248.656361728153
G2,2048,4,9,73,9,9,15,0.01,0,2189.0092259353332,2158.203015559767,2189.0092259353332,2123.3351556974776
G2,2048,4,10,73,8,8,16,0.01,0,2053.3500916654098,2067.0313407926515,2053.3500916654098,2003.2088465288584
G2,2048,4,3,74,2,2,5,0.01,0,5891.943928218457,5889.268893328293,5891.943928218457,5824.348283853633
G2,2048,4,4,74,5,5,5,0.01,0,5343.887228935722,5338.788113562694,5343.887228935722,5284.884178796966
G2,2048,4,5,74,5,5,8,0.01,0,4913.004976601176,4943.490587912504,4913.004976601176,4901.257892626968
G2,2048,4,6,74,5,5,13,0.01,0,4664.989733643696,4549.660421198691,4664.989733643696,4525.007892045884
G2,2048,4,7,74,13,13,8,0.01,0,4303.99902739949,4290.923030621965,4303.99902739949,4238.825976465715
G2,2048,4,8,74,9,9,5,0.01,0,4122.712815779967,4141.000767302157,4122.712815779967,3963.8616321737913
G2,2048,4,9,74,7,7,8,0.01,0,3877.496476265359,3829.483351455149,3877.496476265359,3750.000602520552
G2,2048,4,10,74,9,9,11,0.01,0,3726.935594571961,3628.3294542709496,3726.935594571961,3541.975471162818
G2,2048,4,3,75,3,3,2,0.01,0,8927.100504760843,8860.625733046003,8927.100504760843,8832.842841168778
G2,2048,4,4,75,7,7,4,0.01,0,8109.863776463264,8332.474601769361,8109.863776463264,8009.834974294474
G2,2048,4,5,75,7,7,4,0.01,0,7555.796238403667,7573.776961531905,7555.796238403667,7407.72079295993
G2,2048,4,6,75,8,8,8,0.01,0,7032.201744707938,6962.527877082715,7032.201744707938,6869.548564102063
G2,2048,4,7,75,13,13,8,0.01,0,6578.7627044016745,6543.193880317073,6578.7627044016745,6400.420959252226
G2,2048,4,8,75,8,8,9,0.01,0,6173.7644015993155,6141.054892776335,6173.7644015993155,6007.571900585639
G2,2048,4,9,75,6,6,7,0.01,0,5847.077821162651,5824.527997374433,5847.077821162651,5682.6675254519905
G2,2048,4,10,75,12,12,19,0.01,0,5490.787321986711,5549.689237995161,5490.787321986711,5372.6714814697225
G2,2048,4,3,76,5,3,7,0.01,0,12635.865799560532,12561.92609680145,12694.262011004403,12508.55489802154
G2,2048,4,4,76,10,10,8,0.01,0,11451.102655625338,11537.209212679136,11451.102655625338,11382.282800104422
G2,2048,4,5,76,14,14,6,0.01,0,10585.186964387314,10628.974372171964,10585.186964387314,10470.941327619894
G2,2048,4,6,76,7,7,8,0.01,0,9846.770001005902,9858.102862834621,9846.770001005902,9679.386241026747
G2,2048,4,7,76,9,9,10,0.01,0,9478.424526366845,9141.046018999048,9478.424526366845,9019.326192053179
G2,2048,4,8,76,18,18,14,0.01,0,8549.74533120688,8567.115262588273,8549.74533120688,8459.795363030793
G2,2048,4,9,76,18,18,13,0.01,0,8015.76161785085,8182.211728892196,8015.76161785085,7938.249476032837
G2,2048,4,10,76,12,12,7,0.01,0,7699.11288565356,7827.646717631468,7699.11288565356,7567.0457375655715
G2,2048,4,3,77,3,3,5,0.01,0,16753.12067547765,16870.322785433713,16753.12067547765,16649.979896140714
G2,2048,4,4,77,5,5,18,0.01,0,15153.361737322335,15281.448477437769,15153.361737322335,15067.186677521031
G2,2048,4,5,77,6,6,8,0.01,0,14074.71714100967,14079.836411705142,14074.71714100967,13822.176652587697
G2,2048,4,6,77,8,8,13,0.01,0,12962.594816911533,12841.568068602135,12962.594816911533,12789.339207921748
G2,2048,4,7,77,15,15,11,0.01,0,12142.399797852471,12113.514160575818,12142.399797852471,11856.976572850384
G2,2048,4,8,77,12,12,9,0.01,0,11347.707667070172,11331.523232978247,11347.707667070172,11086.623304748175
G2,2048,4,9,77,15,15,8,0.01,0,10634.521534302881,10753.741554915574,10634.521534302881,10522.048735152779
G2,2048,4,10,77,13,13,14,0.01,0,10189.754955619188,10203.096960956178,10189.754955619188,10046.59633123535
G2,2048,4,3,78,2,2,4,0.01,0,21723.475752767383,21771.42642212444,21723.475752767383,21503.246560148837
G2,2048,4,4,78,4,4,5,0.01,0,19750.102004496253,19562.11864176181,19750.102004496253,19333.61225151801
G2,2048,4,5,78,5,5,7,0.01,0,18231.01064060612,17941.77201271347,18231.01064060612,17802.097664718644
G2,2048,4,6,78,13,13,15,0.01,0,16575.86446194686,16581.794127736,16575.86446194686,16381.252331644106
G2,2048,4,7,78,9,9,6,0.01,0,15586.343884110545,15622.153404245651,15586.343884110545,15250.472777085162
G2,2048,4,8,78,13,13,16,0.01,0,14706.496975984643,14628.95299386757,14706.496975984643,14351.638752936782
G2,2048,4,9,78,15,15,11,0.01,0,13763.353856675132,13919.57812911698,13763.353856675132,13507.499985081324
G2,2048,4,10,78,11,11,14,0.01,0,13134.741209603504,13011.20652062181,13134.741209603504,12876.433852823242
G2,2048,4,3,79,3,3,3,0.01,0,27193.639887955112,27091.466530850772,27193.639887955112,26749.625651491173
G2,2048,4,4,79,4,4,9,0.01,0,24543.73258761746,24408.01779478636,24543.73258761746,23953.118421909534
G2,2048,4,5,79,4,4,10,0.01,0,22269.632446353502,22396.20925356966,22269.632446353502,21801.150960151426
G2,2048,4,6,79,11,11,12,0.01,0,20237.361621980403,20618.347256988847,20237.361621980403,20129.50334180932
G2,2048,4,7,79,5,5,10,0.01,0,19087.81646556835,19248.01606914244,19087.81646556835,18691.759384479734
G2,2048,4,8,79,6,6,11,0.01,0,17951.33575811247,17818.156664734437,17951.33575811247,17606.104696799033
G2,2048,4,9,79,6,6,7,0.01,0,16933.787514659318,16964.73358965116,16933.787514659318,16732.94245602324
G2,2048,4,10,79,13,13,7,0.01,0,15988.801104444876,16132.464088926485,15988.801104444876,15837.417639960568
G2,2048,512,3,80,1,1,1,0.01,0,51146.9503315171,51139.95157035134,51146.9503315171,51099.822551384976
G2,2048,512,4,80,1,1,1,0.01,0,51084.89393997706,51062.563609696546,51084.89393997706,51008.741126430796
G2,2048,512,5,80,1,1,1,0.01,0,51025.63135056965,51007.41482144104,51025.63135056965,50941.782547956784
G2,2048,512,6,80,1,1,1,0.01,0,50971.17658945741,50957.46796751788,50971.17658945741,50874.59416783878
G2,2048,512,7,80,1,1,1,0.01,0,50933.05779991746,50906.8558821734,50933.05779991746,50819.64936772792
G2,2048,512,8,80,1,1,2,0.01,0,50897.83010664292,50802.74712928777,50897.83010664292,50762.241343634065
G2,2048,512,9,80,1,1,2,0.01,0,50840.55032610377,50761.997050656886,50840.55032610377,50713.419214121495
G2,2048,512,10,80,1,1,2,0.01,0,50786.2910788985,50717.481360309466,50786.2910788985,50662.66207529381
G2,2048,512,3,81,1,1,1,0.01,0,5107341.526051059,5108095.120760556,5107341.526051059,5105438.381964687
G2,2048,512,4,81,1,1,1,0.01,0,5099666.526598634,5103677.551734901,5099666.526598634,5096358.147575475
G2,2048,512,5,81,1,1,1,0.01,0,5096635.763022368,5096075.02597829,5096635.763022368,5089059.486948524
G2,2048,512,6,81,1,1,1,0.01,0,5092209.582023861,5090703.441959612,5092209.582023861,5083067.427565748
G2,2048,512,7,81,1,1,1,0.01,0,5089107.4963654,5084819.665595914,5089107.4963654,5077229.338075283
G2,2048,512,8,81,1,1,1,0.01,0,5083337.01299604,5079750.080212327,5083337.01299604,5071660.895451091
G2,2048,512,9,81,1,1,1,0.01,0,5078076.777256925,5075673.3967750855,5078076.777256925,5066381.645747237
G2,2048,512,10,81,2,2,1,0.01,0,5071147.966637041,5071788.593431088,5071147.966637041,5062238.034434402
G2,2048,512,3,82,1,1,1,0.01,0,204808.3548592209,204774.629420823,204808.3548592209,204704.82278224488
G2,2048,512,4,82,1,1,1,0.01,0,204526.24485934188,204467.56284217333,204526.24485934188,204334.97034577193
G2,2048,512,5,82,1,1,1,0.01,0,204331.50249243315,204232.06081226037,204331.50249243315,204053.1553290793
G2,2048,512,6,82,1,1,1,0.01,0,204156.0805341167,203997.7093285279,204156.0805341167,203792.63637719426
G2,2048,512,7,82,1,1,1,0.01,0,203987.3524133811,203799.75192908215,203987.3524133811,203562.36568615085
G2,2048,512,8,82,1,1,1,0.01,0,203740.6164591155,203602.11831400116,203740.6164591155,203352.74799451913
G2,2048,512,9,82,2,2,2,0.01,0,203446.28235068574,203322.24909038472,203446.28235068574,203158.29635688133
G2,2048,512,10,82,2,2,2,0.01,0,203266.3515002167,203128.01619864753,203266.3515002167,202949.99150548555
G2,2048,512,3,83,1,1,1,0.01,0,459374.90260570927,459415.74944755586,459374.90260570927,459182.6544652345
G2,2048,512,4,83,1,1,1,0.01,0,458711.990408365,458948.3607867935,458711.990408365,458348.44308481074
G2,2048,512,5,83,1,1,1,0.01,0,458192.3923324432,458318.4017354208,458192.3923324432,457723.0709256368
G2,2048,512,6,83,1,1,1,0.01,0,458424.23753764806,457909.6632860003,458424.23753764806,457175.7327008762
G2,2048,512,7,83,1,1,1,0.01,0,458129.5449456708,457449.46083176555,458129.5449456708,456624.38842341874
G2,2048,512,8,83,1,1,1,0.01,0,457600.9187833702,456779.7581888762,457600.9187833702,456166.4619247433
G2,2048,512,9,83,1,1,2,0.01,0,457147.49518713274,456132.44195599784,457147.49518713274,455720.32753082423
G2,2048,512,10,83,1,1,2,0.01,0,456698.90564714465,455650.92939863086,456698.90564714465,455306.31789660134
G2,2048,512,3,84,1,1,1,0.01,0,817216.2683066502,817359.2511488098,817216.2683066502,816951.1305373715
G2,2048,512,4,84,1,1,1,0.01,0,816053.9000439891,816138.3826749116,816053.9000439891,815536.1263806459
G2,2048,512,5,84,1,1,1,0.01,0,815134.785047923,815173.9836728622,815134.785047923,814427.8852052147
G2,2048,512,6,84,1,1,1,0.01,0,814276.2876822792,814573.4114303981,814276.2876822792,813346.850102924
G2,2048,512,7,84,1,1,1,0.01,0,813678.5323114849,813552.1094127421,813678.5323114849,812474.6673292329
G2,2048,512,8,84,1,1,1,0.01,0,812828.1395402772,812776.2577908396,812828.1395402772,811591.1939505885
G2,2048,512,9,84,1,1,2,0.01,0,811897.413330622,811494.4678798354,811897.413330622,810652.3044483052
G2,2048,512,10,84,2,2,2,0.01,0,810739.4024838761,810840.0352398737,810739.4024838761,810036.3142923696
G2,2048,512,3,85,1,1,1,0.01,0,1276626.282121694,1276777.7798997154,1276626.282121694,1276222.995284576
G2,2048,512,4,85,1,1,1,0.01,0,1275002.0342745436,1274846.2376833078,1275002.0342745436,1273996.531278758
G2,2048,512,5,85,1,1,1,0.01,0,1273769.1635600151,1273347.4724839092,1273769.1635600151,1272242.405977038
G2,2048,512,6,85,1,1,1,0.01,0,1272623.9896253613,1272195.0893199001,1272623.9896253613,1270610.0345027368
G2,2048,512,7,85,1,1,1,0.01,0,1271453.465545331,1270611.9283269276,1271453.465545331,1269243.9567271955
G2,2048,512,8,85,2,2,1,0.01,0,1269497.1737550618,1269507.597927875,1269497.1737550618,1267864.1569763634
G2,2048,512,9,85,2,2,2,0.01,0,1268128.7928277901,1267742.276193297,1268128.7928277901,1266570.5896781117
G2,2048,512,10,85,2,2,2,0.01,0,1266972.5505204904,1266529.7407131796,1266972.5505204904,1265536.9668880883
G2,2048,512,3,86,1,1,1,0.01,0,1833911.0997473537,1833853.7008124415,1833911.0997473537,1832993.2139024981
G2,2048,512,4,86,1,1,1,0.01,0,1831125.263116084,1831029.597223919,1831125.263116084,1829744.3814576692
G2,2048,512,5,86,1,1,1,0.01,0,1830139.6082956102,1828837.5026176493,1830139.6082956102,1827376.2605802605
G2,2048,512,6,86,1,1,1,0.01,0,1828116.1396439385,1826977.2302905137,1828116.1396439385,1825063.7767078006
G2,2048,512,7,86,1,1,1,0.01,0,1826148.737969793,1825282.81660773,1826148.737969793,1822904.047311907
G2,2048,512,8,86,1,1,1,0.01,0,1824119.10619108,1823911.8143272772,1824119.10619108,1820913.1125838072
G2,2048,512,9,86,2,2,2,0.01,0,1821689.2287541989,1821180.4575359747,1821689.2287541989,1819412.203022764
G2,2048,512,10,86,2,2,2,0.01,0,1820085.5526868338,1819581.822877095,1820085.5526868338,1817453.594039924
G2,2048,512,3,87,1,1,1,0.01,0,2507841.1558896014,2508104.4723756695,2507841.1558896014,2506837.6303191558
G2,2048,512,4,87,1,1,1,0.01,0,2504172.496038066,2505921.108667165,2504172.496038066,2502439.2023032075
G2,2048,512,5,87,1,1,1,0.01,0,2501196.7546646283,2502724.1565638864,2501196.7546646283,2499127.918593869
G2,2048,512,6,87,1,1,1,0.01,0,2498588.6610649633,2500140.431474413,2498588.6610649633,2495841.2545418222
G2,2048,512,7,87,1,1,1,0.01,0,2496589.4364386154,2497006.351007906,2496589.4364386154,2493004.7373424815
G2,2048,512,8,87,1,1,1,0.01,0,2493755.4479956543,2494345.1040716637,2493755.4479956543,2490333.501829791
G2,2048,512,9,87,1,1,2,0.01,0,2491231.0881104507,2490554.90453687,2491231.0881104507,2487816.990033497
G2,2048,512,10,87,2,2,2,0.01,0,2487809.2588180196,2488074.089672762,2487809.2588180196,2485571.8645777144
G2,2048,512,3,88,1,1,1,0.01,0,3268878.812737126,3268228.128935625,3268878.812737126,3267173.1575835315
G2,2048,512,4,88,1,1,1,0.01,0,3263955.04207797,3263427.5804740647,3263955.04207797,3261265.6376931267
G2,2048,512,5,88,1,1,1,0.01,0,3259897.023473757,3259408.939031947,3259897.023473757,3257056.7519972185
G2,2048,512,6,88,1,1,1,0.01,0,3256670.017709759,3256276.3663293105,3256670.017709759,3253158.422569407
G2,2048,512,7,88,1,1,1,0.01,0,3254402.453292144,3252960.5603738576,3254402.453292144,3249384.0075956634
G2,2048,512,8,88,1,1,1,0.01,0,3250531.0039622504,3250657.4356150543,3250531.0039622504,3245773.501690003
G2,2048,512,9,88,2,2,1,0.01,0,3245824.30072748,3247372.131881951,3245824.30072748,3242617.467190258
G2,2048,512,10,88,2,2,2,0.01,0,3243159.084869927,3243071.556543125,3243159.084869927,3239208.9958505603
G2,2048,512,3,89,1,1,1,0.01,0,4136472.70605941,4136009.766614646,4136472.70605941,4134539.9783266676
G2,2048,512,4,89,1,1,1,0.01,0,4130841.55255491,4130107.7402458396,4130841.55255491,4127095.8409620747
G2,2048,512,5,89,1,1,1,0.01,0,4126966.660670704,4125558.67704213,4126966.660670704,4121461.090033084
G2,2048,512,6,89,1,1,1,0.01,0,4122711.4357201485,4122439.8904102077,4122711.4357201485,4116168.969775432
G2,2048,512,7,89,1,1,1,0.01,0,4119551.7911095014,4118686.9515469223,4119551.7911095014,4111627.0643775584
G2,2048,512,8,89,1,1,1,0.01,0,4114550.578914929,4112894.051994324,4114550.578914929,4107272.496813868
G2,2048,512,9,89,1,1,2,0.01,0,4110211.692513922,4106368.1500947014,4110211.692513922,4103101.882438087
G2,2048,512,10,89,1,1,2,0.01,0,4106757.934412568,4103936.17033292,4106757.934412568,4099884.520861177
G2,2048,64,3,90,2,2,1,0.01,0,6324.910601085454,6332.993500854811,6324.910601085454,6317.095154866847
G2,2048,64,4,90,3,3,2,0.01,0,6280.289631958138,6287.349123007838,6280.289631958138,6267.060742235715
G2,2048,64,5,90,3,3,3,0.01,0,6248.171817595006,6253.74440559339,6248.171817595006,6229.044048499194
G2,2048,64,6,90,3,3,3,0.01,0,6224.7016518791725,6229.132781571676,6224.7016518791725,6196.4985347063985
G2,2048,64,7,90,4,4,4,0.01,0,6200.5430657897805,6191.60522854526,6200.5430657897805,6167.008226460065
G2,2048,64,8,90,4,4,4,0.01,0,6169.274425587366,6160.1739624324355,6169.274425587366,6136.511001720471
G2,2048,64,9,90,5,5,4,0.01,0,6134.496501191552,6138.465424026766,6134.496501191552,6114.018258667955
G2,2048,64,10,90,5,5,4,0.01,0,6112.8021337656755,6113.692819219266,6112.8021337656755,6087.639254438375
G2,2048,64,3,91,2,2,1,0.01,0,637379.0271998729,637739.8622451505,637379.0271998729,636184.4487658503
G2,2048,64,4,91,1,1,2,0.01,0,633438.8823186315,633356.9976646956,633438.8823186315,631333.1215875044
G2,2048,64,5,91,2,2,3,0.01,0,630225.6532945167,629820.2246536164,630225.6532945167,627620.4939423369
G2,2048,64,6,91,3,3,4,0.01,0,627120.878084147,626157.0158845553,627120.878084147,624112.2834818955
G2,2048,64,7,91,4,4,3,0.01,0,624876.5542332239,624152.1647605111,624876.5542332239,621102.7778867987
G2,2048,64,8,91,4,4,4,0.01,0,621204.6507761742,622395.9391947319,621204.6507761742,618275.5901071317
G2,2048,64,9,91,4,4,4,0.01,0,618701.122605315,619232.4576270357,618701.122605315,616037.4889025979
G2,2048,64,10,91,5,5,5,0.01,0,615846.5136776562,615593.528103826,615846.5136776562,613329.6178373541
G2,2048,64,3,92,1,1,1,0.01,0,25484.475613633615,25507.30749236756,25484.475613633615,25454.85684794508
G2,2048,64,4,92,2,2,1,0.01,0,25310.024384824894,25390.84185677899,25310.024384824894,25260.30129775199
G2,2048,64,5,92,3,3,2,0.01,0,25170.0017927531,25219.228379601722,25170.0017927531,25108.002314895668
G2,2048,64,6,92,4,4,3,0.01,0,25054.405657642506,25102.165589614437,25054.405657642506,24966.931973092433
G2,2048,64,7,92,4,4,3,0.01,0,24962.784743198965,25012.378272403468,24962.784743198965,24848.42292586632
G2,2048,64,8,92,4,4,4,0.01,0,24835.936343198537,24843.266387294683,24835.936343198537,24738.162426277177
G2,2048,64,9,92,4,4,3,0.01,0,24737.45307297533,24777.113596196625,24737.45307297533,24642.849261158655
G2,2048,64,10,92,5,5,4,0.01,0,24628.877094563548,24690.391400234515,24628.877094563548,24543.085975057646
G2,2048,64,3,93,1,1,1,0.01,0,57192.82048193082,57189.02087087731,57192.82048193082,57081.91180997284
G2,2048,64,4,93,2,2,1,0.01,0,56794.78734796583,56945.67168396064,56794.78734796583,56620.37772751685
G2,2048,64,5,93,3,3,2,0.01,0,56474.54165800879,56516.361249025824,56474.54165800879,56295.486746211
G2,2048,64,6,93,3,3,3,0.01,0,56219.70695830539,56236.96012049586,56219.70695830539,55977.96395771063
G2,2048,64,7,93,4,4,3,0.01,0,56031.10360135857,56031.86743178259,56031.10360135857,55689.60517019045
G2,2048,64,8,93,4,4,4,0.01,0,55760.87669348416,55679.13390708692,55760.87669348416,55459.97288640734
G2,2048,64,9,93,4,4,4,0.01,0,55523.570813733924,55502.409567593146,55523.570813733924,55228.796970972006
G2,2048,64,10,93,5,5,4,0.01,0,55289.04959608473,55340.542572479666,55289.04959608473,55026.677641522736
G2,2048,64,3,94,1,1,1,0.01,0,101859.72558534317,101884.0512891731,101859.72558534317,101694.91646022214
G2,2048,64,4,94,2,2,2,0.01,0,101153.028534713,101178.63452616113,101153.028534713,100905.39073960611
G2,2048,64,5,94,3,3,3,0.01,0,100610.41064675545,100580.73315921857,100610.41064675545,100355.65404124185
G2,2048,64,6,94,3,3,3,0.01,0,100219.35158801661,100211.03004716037,100219.35158801661,99763.18540300864
G2,2048,64,7,94,3,3,3,0.01,0,100056.56372847731,99674.78121428067,100056.56372847731,99264.83681725845
G2,2048,64,8,94,3,3,4,0.01,0,99568.18940281439,99201.40367172653,99568.18940281439,98840.13424605111
G2,2048,64,9,94,4,4,4,0.01,0,99104.93070235904,98922.42063492916,99104.93070235904,98488.26960217254
G2,2048,64,10,94,4,4,4,0.01,0,98766.74778423668,98508.57808343973,98766.74778423668,98073.42086039613
G2,2048,64,3,95,1,1,1,0.01,0,158452.00047455865,158361.11759382812,158452.00047455865,158126.57042789133
G2,2048,64,4,95,2,2,2,0.01,0,157358.9596615614,157571.97968366824,157358.9596615614,156883.18291274228
G2,2048,64,5,95,3,3,2,0.01,0,156483.13199417753,156964.34471601894,156483.13199417753,156014.92869604047
G2,2048,64,6,95,3,3,2,0.01,0,155737.7188379441,156432.98696506032,155737.7188379441,155100.62650169584
G2,2048,64,7,95,3,3,3,0.01,0,155228.27194374043,155852.88732705306,155228.27194374043,154363.46755947944
G2,2048,64,8,95,3,3,4,0.01,0,154519.36254616216,154242.82343104898,154519.36254616216,153749.98677116673
G2,2048,64,9,95,4,4,4,0.01,0,153740.43200817768,153752.93986256706,153740.43200817768,153148.45325342735
G2,2048,64,10,95,4,4,4,0.01,0,153154.60164724293,153350.53163604657,153154.60164724293,152470.38381678215
G2,2048,64,3,96,2,2,1,0.01,0,227306.68284586188,227382.73624213913,227306.68284586188,226906.41283363552
G2,2048,64,4,96,3,3,1,0.01,0,225599.94445137054,226317.05398135242,225599.94445137054,225140.0144646803
G2,2048,64,5,96,3,3,3,0.01,0,224417.5208186672,224389.986821555,224417.5208186672,223771.6095066908
G2,2048,64,6,96,4,4,4,0.01,0,223353.38723819787,223162.6688112683,223353.38723819787,222465.69543933624
G2,2048,64,7,96,4,4,4,0.01,0,222510.02854048967,222154.3632512433,222510.02854048967,221419.43933475067
G2,2048,64,8,96,4,4,4,0.01,0,221366.5920775131,221347.54272821514,221366.5920775131,220391.9331474999
G2,2048,64,9,96,5,5,4,0.01,0,220259.4549513091,220519.01053488193,220259.4549513091,219565.8332567907
G2,2048,64,10,96,5,5,4,0.01,0,219471.11437450704,219729.4466521641,219471.11437450704,218728.73852491897
G2,2048,64,3,97,3,3,2,0.01,0,309578.6398041207,309744.51548670465,309578.6398041207,309058.8506562054
G2,2048,64,4,97,3,3,2,0.01,0,307421.4769142787,308291.2101780177,307421.4769142787,306665.24197366275
G2,2048,64,5,97,4,4,3,0.01,0,305756.4796630137,305961.87158923456,305756.4796630137,304904.24380767427
G2,2048,64,6,97,4,4,4,0.01,0,304448.15484984894,304228.4575602667,304448.15484984894,303162.26591279334
G2,2048,64,7,97,4,4,3,0.01,0,303572.1221564909,303098.8499944105,303572.1221564909,301658.63295300055
G2,2048,64,8,97,5,5,4,0.01,0,301811.6623148172,301563.23369233287,301811.6623148172,300269.2272389387
G2,2048,64,9,97,5,5,4,0.01,0,300544.9203863969,300293.7166903557,300544.9203863969,299165.9153541766
G2,2048,64,10,97,5,5,4,0.01,0,299444.91338063974,299264.0989675964,299444.91338063974,297992.9578946997
G2,2048,64,3,98,1,1,2,0.01,0,406080.78530702536,406323.2411839122,406080.78530702536,405432.9405004536
G2,2048,64,4,98,2,2,3,0.01,0,402989.99708870053,403937.0877169075,402989.99708870053,402264.7265468053
G2,2048,64,5,98,2,2,3,0.01,0,400952.47007444256,401148.7773535636,400952.47007444256,399951.7417671153
G2,2048,64,6,98,2,2,4,0.01,0,399577.0152774063,399137.94946497685,399577.0152774063,397700.74083206523
G2,2048,64,7,98,3,3,4,0.01,0,397855.7752856583,397354.1743583708,397855.7752856583,395748.88697341667
G2,2048,64,8,98,4,4,5,0.01,0,395438.94292082445,396386.92923179036,395438.94292082445,394326.8877804327
G2,2048,64,9,98,4,4,4,0.01,0,393864.2494502575,394526.4115673142,393864.2494502575,392440.1463093946
G2,2048,64,10,98,4,4,4,0.01,0,392537.72492679383,392771.02148931066,392537.72492679383,390696.7311535974
G2,2048,64,3,99,1,1,2,0.01,0,516912.4186027681,516717.7134805356,516912.4186027681,515964.9580432807
G2,2048,64,4,99,2,2,2,0.01,0,513493.6888464029,514035.44256572437,513493.6888464029,512059.02314833907
G2,2048,64,5,99,3,3,3,0.01,0,510550.8745697179,510007.17140062276,510550.8745697179,508924.19667594065
G2,2048,64,6,99,3,3,4,0.01,0,508727.02074848197,506949.2048808591,508727.02074848197,506124.65594892006
G2,2048,64,7,99,4,4,4,0.01,0,506435.7463833938,504876.9468732312,506435.7463833938,503662.3778400325
G2,2048,64,8,99,4,4,3,0.01,0,503386.51870889904,503485.95375576976,503386.51870889904,501432.3113115093
G2,2048,64,9,99,4,4,3,0.01,0,501192.8353887316,501905.7010581108,501192.8353887316,499448.75225057383
G2,2048,64,10,99,5,5,4,0.01,0,498940.4278562011,499886.32026390836,498940.4278562011,497456.4186692145
G2,2048,8,3,100,2,2,1,0.01,0,764.0437139547222,765.7954198539475,764.0437139547222,759.1767224661123
G2,2048,8,4,100,8,8,4,0.01,0,726.987544717382,728.710132996654,726.987544717382,721.0064360756805
G2,2048,8,5,100,9,9,5,0.01,0,702.7324856883561,706.7511812233308,702.7324856883561,695.960963562711
G2,2048,8,6,100,7,7,5,0.01,0,687.0855232256056,681.3411936262233,687.0855232256056,671.6376047177699
G2,2048,8,7,100,7,7,8,0.01,0,670.1577604611,659.7946252140624,670.1577604611,651.8201963652912
G2,2048,8,8,100,6,6,6,0.01,0,644.144502397486,645.1828233281465,644.144502397486,632.7090485045537
G2,2048,8,9,100,6,6,8,0.01,0,625.1217318310249,625.7065272765593,625.1217318310249,616.3561559740879
G2,2048,8,10,100,6,6,8,0.01,0,610.843195415136,609.2207124130493,610.843195415136,602.3053199370097
G2,2048,8,3,101,3,3,4,0.01,0,76011.46845445345,75931.04815144726,76011.46845445345,75470.8724281415
G2,2048,8,4,101,3,3,4,0.01,0,72850.7539344822,72433.4694527809,72850.7539344822,71659.5967531424
G2,2048,8,5,101,10,10,4,0.01,0,69730.72372826327,69980.82518562756,69730.72372826327,69022.87852357514
G2,2048,8,6,101,10,10,5,0.01,0,67387.19686175167,67226.87037070845,67387.19686175167,66624.83875758584
G2,2048,8,7,101,9,9,8,0.01,0,65353.15204576169,65006.44979232183,65353.15204576169,64533.66380658695
G2,2048,8,8,101,9,9,9,0.01,0,63331.43503653054,63319.26153670839,63331.43503653054,62576.26394214551
G2,2048,8,9,101,8,8,10,0.01,0,61844.045721283226,61736.63065538666,61844.045721283226,60968.196524086394
G2,2048,8,10,101,12,12,7,0.01,0,60410.26669166123,60745.56213167278,60410.26669166123,59470.39379231507
G2,2048,8,3,102,2,2,3,0.01,0,3051.1024476375846,3055.2868468627626,3051.1024476375846,3039.0796894606046
G2,2048,8,4,102,5,5,5,0.01,0,2911.1598880942865,2952.2447997684667,2911.1598880942865,2892.6640831082573
G2,2048,8,5,102,6,6,6,0.01,0,2808.898595083447,2813.056797453678,2808.898595083447,2789.4996346185453
G2,2048,8,6,102,6,6,9,0.01,0,2736.0810779788676,2733.4978469316957,2736.0810779788676,2689.5359048486894
G2,2048,8,7,102,7,7,8,0.01,0,2682.7586623395805,2636.3585267068074,2682.7586623395805,2608.908236718403
G2,2048,8,8,102,6,6,5,0.01,0,2594.6871529990526,2592.8550561909574,2594.6871529990526,2533.202021559113
G2,2048,8,9,102,8,8,6,0.01,0,2513.7780349369364,2520.2688628014116,2513.7780349369364,2473.164607236056
G2,2048,8,10,102,8,8,8,0.01,0,2450.1318378005494,2462.7208710606483,2450.1318378005494,2418.0190947583296
G2,2048,8,3,103,5,5,3,0.01,0,6861.715799011122,6877.274585099702,6861.715799011122,6827.758494589605
G2,2048,8,4,103,5,5,3,0.01,0,6558.927288850122,6632.4725359111235,6558.927288850122,6505.459120593854
G2,2048,8,5,103,5,5,3,0.01,0,6337.54718976693,6321.970531625073,6337.54718976693,6278.459875688146
G2,2048,8,6,103,5,5,5,0.01,0,6170.502030901112,6112.812437508952,6170.502030901112,6055.293735281119
G2,2048,8,7,103,5,5,5,0.01,0,6037.825560467605,5942.123732567397,6037.825560467605,5883.083163467751
G2,2048,8,8,103,8,8,6,0.01,0,5817.337118069213,5774.707152976538,5817.337118069213,5711.618371837645
G2,2048,8,9,103,8,8,6,0.01,0,5641.468711342709,5633.448443484871,5641.468711342709,5567.003808824396
G2,2048,8,10,103,9,9,7,0.01,0,5511.978399732031,5518.481559943133,5511.978399732031,5429.872576805001
G2,2048,8,3,104,2,2,4,0.01,0,12325.750046143481,12295.559272905604,12325.750046143481,12247.094552332639
G2,2048,8,4,104,8,8,5,0.01,0,11687.516843966336,11892.073307477,11687.516843966336,11654.056851149558
G2,2048,8,5,104,9,9,7,0.01,0,11312.158618737296,11327.7862383129,11312.158618737296,11234.141574389343
G2,2048,8,6,104,7,7,7,0.01,0,11060.516128890096,10940.734388396013,11060.516128890096,10834.71786436127
G2,2048,8,7,104,7,7,6,0.01,0,10836.594898111265,10644.361044085726,10836.594898111265,10510.043399850494
G2,2048,8,8,104,9,9,9,0.01,0,10402.520106615957,10311.89804732384,10402.520106615957,10224.46930311561
G2,2048,8,9,104,8,8,9,0.01,0,10104.673110273243,10072.459944589053,10104.673110273243,9956.454389470488
G2,2048,8,10,104,8,8,8,0.01,0,9874.267866788698,9858.882619746502,9874.267866788698,9732.808118509718
G2,2048,8,3,105,6,6,4,0.01,0,18982.52090174001,18986.286879964035,18982.52090174001,18865.95347941147
G2,2048,8,4,105,7,7,4,0.01,0,18066.88755203959,18351.796506385257,18066.88755203959,17979.880900353586
G2,2048,8,5,105,8,8,7,0.01,0,17495.77174858415,17480.12163996748,17495.77174858415,17345.05168630945
G2,2048,8,6,105,7,7,8,0.01,0,16907.668407721038,17030.298955871487,16907.668407721038,16728.906133107215
G2,2048,8,7,105,7,7,11,0.01,0,16480.93625112037,16569.080501952532,16480.93625112037,16228.560133972413
G2,2048,8,8,105,8,8,5,0.01,0,15961.975977206548,16125.145645157767,15961.975977206548,15767.840328339937
G2,2048,8,9,105,10,10,14,0.01,0,15587.25620137823,15510.31626905394,15587.25620137823,15355.563510772743
G2,2048,8,10,105,11,11,11,0.01,0,15200.243444311976,15155.367431901588,15200.243444311976,14977.183613424091
G2,2048,8,3,106,3,3,3,0.01,0,27608.90294788021,27565.067856824593,27608.90294788021,27310.491601962352
G2,2048,8,4,106,8,8,4,0.01,0,26194.74796341061,26360.860161476736,26194.74796341061,26026.898383130272
G2,2048,8,5,106,8,8,5,0.01,0,25393.841702955404,25501.98043360288,25393.841702955404,25120.2373379971
G2,2048,8,6,106,8,8,9,0.01,0,24644.04352368352,24736.311996470173,24644.04352368352,24281.417744482835
G2,2048,8,7,106,8,8,7,0.01,0,24146.091699098793,24078.77223871222,24146.091699098793,23543.56331433028
G2,2048,8,8,106,7,7,11,0.01,0,23375.87063524571,23226.550470054306,23375.87063524571,22900.6210716649
G2,2048,8,9,106,8,8,11,0.01,0,22652.264202287566,22505.701195323407,22652.264202287566,22313.617228786887
G2,2048,8,10,106,7,7,7,0.01,0,22071.843594462225,21996.949135253184,22071.843594462225,21811.59230193996
G2,2048,8,3,107,5,5,2,0.01,0,37476.97843272034,37416.77598145878,37476.97843272034,37345.104019287006
G2,2048,8,4,107,7,7,3,0.01,0,35771.53363056597,35761.11209895467,35771.53363056597,35534.85038210223
G2,2048,8,5,107,6,6,5,0.01,0,34669.95821102709,34496.863711595644,34669.95821102709,34154.42840544902
G2,2048,8,6,107,12,12,7,0.01,0,33458.6506734991,33462.82972895668,33458.6506734991,32939.13914538172
G2,2048,8,7,107,15,15,6,0.01,0,32398.225268146496,32432.48071703552,32398.225268146496,31855.39963307939
G2,2048,8,8,107,9,9,4,0.01,0,31631.69318523094,31631.200079629674,31631.69318523094,30984.501575872135
G2,2048,8,9,107,9,9,6,0.01,0,30775.979476176126,30939.390240130204,30775.979476176126,30066.90624182896
G2,2048,8,10,107,7,7,14,0.01,0,30054.36448344794,29930.51973331222,30054.36448344794,29442.100497953383
G2,2048,8,3,108,6,6,5,0.01,0,47274.17038767099,47035.94718964389,47274.17038767099,46940.08977334779
G2,2048,8,4,108,9,9,6,0.01,0,45281.015487495766,44961.42766327482,45281.015487495766,44869.772782420136
G2,2048,8,5,108,8,8,8,0.01,0,43443.15257666123,43422.70896435517,43443.15257666123,43046.3759389421
G2,2048,8,6,108,7,7,13,0.01,0,42271.34014018769,41955.81063566384,42271.34014018769,41509.32436702143
G2,2048,8,7,108,11,11,8,0.01,0,40784.04479844765,40985.89399184284,40784.04479844765,40196.29893242311
G2,2048,8,8,108,10,10,13,0.01,0,39618.46530010259,39231.028761825386,39618.46530010259,38998.05968108839
G2,2048,8,9,108,8,8,12,0.01,0,38497.58165590353,38410.35439494278,38497.58165590353,38025.34526335758
G2,2048,8,10,108,8,8,9,0.01,0,37640.05361667511,37513.511211002864,37640.05361667511,37042.21838345064
G2,2048,8,3,109,4,4,2,0.01,0,61019.207207428044,61036.941251549106,61019.207207428044,60688.12933178151
G2,2048,8,4,109,9,9,3,0.01,0,58121.89809963254,58268.21738079907,58121.89809963254,57835.95960505706
G2,2048,8,5,109,10,10,7,0.01,0,55888.722226967395,56098.870095797116,55888.722226967395,55541.97137814688
G2,2048,8,6,109,7,7,7,0.01,0,54378.05096167448,54466.35385441074,54378.05096167448,53715.09835505295
G2,2048,8,7,109,7,7,7,0.01,0,52849.03421650885,52754.04367665045,52849.03421650885,52077.78234329527
G2,2048,8,8,109,9,9,7,0.01,0,51043.48156137128,51471.329627752304,51043.48156137128,50583.261307841065
G2,2048,8,9,109,9,9,10,0.01,0,50053.78835273379,50025.03136374854,50053.78835273379,49213.43284299482
G2,2048,8,10,109,11,11,6,0.01,0,48808.56658202964,48995.72897274209,48808.56658202964,48112.969612451045
Birtch,100000,2,3,0,4,2,3,0.01,0,56005605494.87602,55954043803.19925,56340983301.33776,55939408057.15117
Birtch,100000,2,4,0,6,2,5,0.01,0,34945242530.10032,34945599024.14498,34945261416.39139,34945010273.689026
Birtch,100000,2,5,0,6,2,9,0.01,0,29995831090.691326,29974227600.65168,29952620396.52923,29656189987.25189
Birtch,100000,2,6,0,5,2,9,0.01,0,25388795246.6394,25837058802.65386,25399796901.18359,25299372986.99791
Birtch,100000,2,7,0,10,5,14,0.01,0,21717000398.254734,21547953039.469128,21569221057.755985,21294602593.30118
Birtch,100000,2,8,0,27,4,8,0.01,0,18318652329.91821,18479691095.139633,18112876272.792854,18040702690.472355
Birtch,100000,2,9,0,33,4,6,0.01,0,15716823354.138205,15721197805.351107,15723926548.03244,15680450073.4624
Birtch,100000,2,10,0,31,4,6,0.01,0,14459266854.55932,14446343245.154238,14465635863.680607,14379072949.771578
Birtch,100000,2,3,1,4,2,3,0.01,0,9084676026.752508,9088420937.795195,9063921253.197872,9063919809.864447
Birtch,100000,2,4,1,6,3,13,0.01,0,5437449136.421795,5437124174.367742,5435755137.712145,5425390944.595872
Birtch,100000,2,5,1,19,3,7,0.01,0,3732667816.581688,3711586066.4501014,3689822689.3383927,3689822520.294189
Birtch,100000,2,6,1,6,8,10,0.01,0,2755316847.834779,2771301203.0981517,2687861773.1455407,2676484049.561556
Birtch,100000,2,7,1,8,2,11,0.01,0,1967853111.5142555,1993326343.5388088,1968092647.0939298,1967423660.1868494
Birtch,100000,2,8,1,9,3,7,0.01,0,1317125915.1516793,1317085393.9769607,1316932669.3156118,1316882429.626065
Birtch,100000,2,9,1,11,4,7,0.01,0,1170897237.05562,1154589480.2644062,1150317291.2679691,1147987279.3010724
Birtch,100000,2,10,1,11,3,8,0.01,0,1019735034.7215626,1004126105.9634057,998531800.2583222,986717475.5842232
Birtch,100000,2,3,2,9,2,12,0.01,0,37582311673.00134,37596894462.80463,37582313836.9174,37582306336.6598
Birtch,100000,2,4,2,8,4,5,0.01,0,25994056418.2951,26024809472.489,25925943428.7557,25900929533.416237
Birtch,100000,2,5,2,7,2,12,0.01,0,22057518304.44385,21233937029.536568,20999948093.17344,20763008903.27426
Birtch,100000,2,6,2,10,4,7,0.01,0,17990813567.75304,17722068013.53186,17118294441.370323,16880909660.650023
Birtch,100000,2,7,2,10,6,4,0.01,0,14632849964.025675,14550898766.744196,13708162708.404505,13707758797.306892
Birtch,100000,2,8,2,5,5,3,0.01,0,13480252981.738932,12496891357.412903,11555528966.47113,11555512382.877567
Birtch,100000,2,9,2,5,5,4,0.01,0,11936290754.25403,9768048736.67427,9669378287.636992,9647362025.824575
Birtch,100000,2,10,2,5,5,5,0.01,0,11099285347.959864,8817294633.577536,8863446612.24665,8525584770.730162
DIM,1024,32,3,0,2,2,1,0.01,0,69727.57718022664,70259.22318929037,69727.57718022664,69123.90157368979
DIM,1024,32,4,0,2,2,1,0.01,0,63393.17487970988,61604.93270568848,63393.17487970988,61093.940476989745
DIM,1024,32,5,0,2,2,1,0.01,0,57766.75693283082,54701.41522979736,57766.75693283082,53160.215171813965
DIM,1024,32,6,0,1,1,1,0.01,0,52746.85816345215,49165.700731913246,52746.85816345215,46558.353387196854
DIM,1024,32,7,0,1,1,1,0.01,0,46489.3487004598,41737.86361440022,46489.3487004598,40171.582958221436
DIM,1024,32,8,0,1,1,1,0.01,0,39397.85330352784,34044.74706013998,39397.85330352784,33903.29347991943
DIM,1024,32,9,0,1,1,1,0.01,0,35861.469560241705,28840.63171132406,35861.469560241705,28501.965367635094
DIM,1024,32,10,0,1,1,1,0.01,0,34149.04032592774,23297.850018819176,34149.04032592774,22764.48149871826
DIM,1024,64,3,1,1,1,1,0.01,0,142661.45318094888,138605.85913118633,142661.45318094888,137663.40496228536
DIM,1024,64,4,1,1,1,1,0.01,0,127383.0887425014,122687.71997426351,127383.0887425014,122599.13494389852
DIM,1024,64,5,1,1,1,1,0.01,0,114489.47422790527,107330.71332804361,114489.47422790527,107330.71332804361
DIM,1024,64,6,1,1,1,1,0.01,0,114488.40091434601,99248.33007558188,114488.40091434601,97660.18991216023
DIM,1024,64,7,1,1,1,1,0.01,0,101690.90843692902,88551.6427078247,101690.90843692902,84204.03780619302
DIM,1024,64,8,1,1,1,1,0.01,0,90377.71553913239,78324.5075302124,90377.71553913239,73365.50997924805
DIM,1024,64,9,1,1,1,1,0.01,0,81377.7770511258,69145.86365509033,81377.7770511258,62122.71527608235
DIM,1024,64,10,1,1,1,1,0.01,0,68276.37696313346,58198.73929341634,68276.37696313346,51364.631009419754
DIM,1024,128,3,2,1,1,1,0.01,0,291319.544347975,290479.61260681157,291319.544347975,287146.6309814453
DIM,1024,128,4,2,1,1,1,0.01,0,264158.5522549947,263103.30373552116,264158.5522549947,259199.43103637698
DIM,1024,128,5,2,1,1,1,0.01,0,240243.73388671875,238367.61511484784,240243.73388671875,235447.39074859617
DIM,1024,128,6,2,1,1,1,0.01,0,240243.1888800727,214974.34976298013,240243.1888800727,209900.3645825704
DIM,1024,128,7,2,1,1,1,0.01,0,216566.76721767848,188740.92085520425,216566.76721767848,185511.0937769572
DIM,1024,128,8,2,1,1,1,0.01,0,189168.04206610785,166389.38584391275,189168.04206610785,161987.40973917642
DIM,1024,128,9,2,1,1,1,0.01,0,169025.1841094123,141831.03634134927,169025.1841094123,137867.05174763995
DIM,1024,128,10,2,1,1,1,0.01,0,148351.8979015774,120436.96875,148351.8979015774,114591.41255187988
DIM,1024,256,3,3,1,1,1,0.01,0,609072.4067943997,602905.8322113885,609072.4067943997,598546.5367194281
DIM,1024,256,4,3,1,1,1,0.01,0,551348.4545923143,547780.3318420411,551348.4545923143,547780.331842041
DIM,1024,256,5,3,1,1,1,0.01,0,506146.51873474126,494832.84256184904,506146.51873474126,494832.842561849
DIM,1024,256,6,3,1,1,1,0.01,0,459269.20721130376,443314.0725219727,459269.20721130376,443314.0725219727
DIM,1024,256,7,3,1,1,1,0.01,0,409083.8089650473,395679.09535217285,409083.8089650473,395679.09535217285
DIM,1024,256,8,3,1,1,1,0.01,0,358909.87140401214,351835.8478953045,358909.87140401214,349986.0236028036
DIM,1024,256,9,3,1,1,1,0.01,0,310150.1044082642,302607.5646438599,310150.1044082642,298058.31533813477
DIM,1024,256,10,3,1,1,1,0.01,0,261611.34543609625,257683.89734649664,261611.34543609625,253855.30615997317
DIM,1024,512,3,4,1,1,1,0.01,0,1219136.8149181544,1212583.1601867676,1219136.8149181544,1204353.1245840706
DIM,1024,512,4,4,1,1,1,0.01,0,1127560.3440039498,1115543.3107766816,1127560.3440039498,1097924.9135589595
DIM,1024,512,5,4,1,1,1,0.01,0,1022705.0420811973,1012975.6832021078,1022705.0420811973,999452.9078129355
DIM,1024,512,6,4,1,1,1,0.01,0,935961.7069753013,919859.1251093545,935961.7069753013,898718.3046747837
DIM,1024,512,7,4,1,1,1,0.01,0,928762.8882249501,817038.1764537266,928762.8882249501,799166.7840614317
DIM,1024,512,8,4,1,1,1,0.01,0,817042.9993496242,710218.129322815,817042.9993496242,702487.587295532
DIM,1024,512,9,4,1,1,1,0.01,0,731586.6831061346,616933.8604400635,731586.6831061346,609672.4977671301
DIM,1024,512,10,4,1,1,1,0.01,0,636147.4015713041,530190.5253341675,636147.4015713041,517626.8474985757
DIM,1024,1024,3,5,1,1,1,0.01,0,2480876.632405199,2467281.910514014,2480876.632405199,2448889.3959299726
DIM,1024,1024,4,5,1,1,1,0.01,0,2258544.039718628,2265865.3086456303,2258544.039718628,2242772.915842184
DIM,1024,1024,5,5,1,1,1,0.01,0,2067100.9868128463,2062546.4936261508,2067100.9868128463,2036211.9136823022
DIM,1024,1024,6,5,1,1,1,0.01,0,1878053.627615866,1877086.087429556,1878053.627615866,1836280.2540473952
DIM,1024,1024,7,5,1,1,1,0.01,0,1676555.6397850038,1678932.8733131408,1676555.6397850038,1641006.1667035427
DIM,1024,1024,8,5,1,1,1,0.01,0,1671882.011138856,1460185.0274709072,1671882.011138856,1450630.1229553241
DIM,1024,1024,9,5,1,1,1,0.01,0,1671881.4804518034,1274693.7192357387,1671881.4804518034,1264853.0412724824
DIM,1024,1024,10,5,1,2,1,0.01,0,1492518.5227033903,1092370.5196304321,1133523.4078559875,1077867.0767415375
Unbalance,6500,2,3,0,1,1,1,0.01,0,618874265.5979781,617162201.3227762,618874265.5979781,617162201.3227762
Unbalance,6500,2,4,0,3,1,1,0.01,0,341600331.0765882,341600331.0765882,341600331.0765882,341600331.0765882
Unbalance,6500,2,5,0,2,2,3,0.01,0,339465979.1334234,211252082.51456836,339496944.4999195,204551203.39264506
Unbalance,6500,2,6,0,2,2,5,0.01,0,337532130.36563396,135178288.7264041,337591099.6351127,133652309.41383155
Unbalance,6500,2,7,0,2,2,5,0.01,0,336645703.22454333,70066713.70112415,336628316.3060942,69534014.60673524
Unbalance,6500,2,8,0,2,2,1,0.01,0,335875512.81289613,32998778.899643537,335886156.2024636,32998778.899643537
Unbalance,6500,2,9,0,2,2,7,0.01,0,333702401.8482631,31966859.830701727,333871831.9086896,30752932.440796316
Unbalance,6500,2,10,0,2,2,7,0.01,0,332492070.5999009,29830879.470178038,333320613.0880317,28614310.461399034
