n_datapoints,n_features,n_clusters,t_A_avg,t_A_min,t_A_max,t_B_avg,t_B_min,t_B_max,avg_cluster_size,min_cluster_size,max_cluster_size,t_speculation_avg,t_speculation_min,t_speculation_max,t_correction_avg,t_correction_min,t_correction_max
20648.0,4.0,3.0,0.005889980689339016,0.0,0.015685081481933594,0.0011168096376501996,0.0,0.015627384185791016,6882.666666666667,383.0,16698.0,0.0008876531020454738,0.0,0.015622854232788086,0.0010526750398718793,0.0,0.015623092651367188
20648.0,4.0,4.0,0.005410839871662419,0.0,0.0166933536529541,0.00248736288489365,0.0,0.015626192092895508,5162.0,383.0,16116.0,0.000973875929669636,0.0,0.016331195831298828,0.0014427289730165062,0.0,0.015602588653564453
20648.0,4.0,5.0,0.007731883252253298,0.0,0.015965938568115234,0.0018919256866955366,0.0,0.015624046325683594,4129.6,382.0,15296.0,0.0009816083751741003,0.0,0.00806879997253418,0.0031057068558989977,0.0,0.013318300247192383
20648.0,4.0,6.0,0.0038790688543262597,0.0,0.016354084014892578,0.0037539219427965356,0.0,0.017181396484375,3441.3333333333335,260.0,13508.0,0.0008648912349860825,0.0,0.015626192092895508,0.007684272206472066,0.0,0.016950368881225586
20648.0,4.0,7.0,0.008079861650372496,0.0,0.019840478897094727,0.002609153785327874,0.0,0.015628814697265625,2949.714285714286,93.0,8796.0,0.0017791478940756013,0.0,0.015636682510375977,0.008869825023235661,0.0,0.01645064353942871
20648.0,4.0,8.0,0.00900543414480318,0.0,0.016510486602783203,0.0036834294233864884,0.0,0.015673398971557617,2581.0,53.0,8597.0,0.0020326211200497016,0.0,0.015662193298339844,0.011349753635685618,0.0,0.02344202995300293
20648.0,4.0,9.0,0.009013387431269107,0.0,0.025175094604492188,0.0032331052033797553,0.0,0.015630722045898438,2294.222222222222,53.0,6563.0,0.0021212971728780997,0.0,0.01567840576171875,0.011880522188932999,0.0,0.02418375015258789
20648.0,4.0,10.0,0.009906213260391384,0.0,0.02009105682373047,0.0025692148116028424,0.0,0.015630006790161133,2064.8,51.0,6472.0,0.002543613748643005,0.0,0.015630245208740234,0.013079052989922681,0.0,0.01614522933959961
20648.0,4.0,11.0,0.00968507728954353,0.0,0.016479969024658203,0.002859573553104212,0.0,0.015677452087402344,1877.090909090909,49.0,5751.0,0.003567124357317934,0.0,0.015632152557373047,0.01454517156770914,0.0,0.03127098083496094
20648.0,4.0,12.0,0.013289678555268507,0.0,0.023951292037963867,0.002668958443861741,0.0,0.01563119888305664,1720.6666666666667,47.0,5805.0,0.0016683729795309214,0.0,0.01567983627319336,0.01532004658992474,0.0,0.03126049041748047
20648.0,4.0,13.0,0.012097192915859601,0.0,0.01604437828063965,0.0032118108888335574,0.0,0.015645980834960938,1588.3076923076924,46.0,5584.0,0.00272947589293221,0.0,0.01566338539123535,0.016505974018021136,0.0,0.03127694129943848
20648.0,4.0,14.0,0.012041416622343518,0.0,0.015958070755004883,0.003168503443400065,0.0,0.01566338539123535,1474.857142857143,46.0,4439.0,0.002835444041660854,0.0,0.015660524368286133,0.017383321126302084,0.01405787467956543,0.031302690505981445
48204.0,5.0,3.0,0.014070544924054827,0.0,0.024697303771972656,0.0028066635131835938,0.0,0.01562356948852539,16068.0,13207.0,20155.0,0.0012102978570120676,0.0,0.015610694885253906,0.0016892807824271066,0.0,0.01565837860107422
48204.0,5.0,4.0,0.01567223492790671,0.0,0.0314483642578125,0.0029900354497572955,0.0,0.015651941299438477,12051.0,9178.0,14303.0,0.0030253915225758273,0.0,0.015638351440429688,0.0004700772902544807,0.0,0.007991313934326172
48204.0,5.0,5.0,0.01635596427050504,0.015593767166137695,0.031248092651367188,0.004578774625604803,0.0,0.015625715255737305,9640.8,5301.0,12763.0,0.0028410770676352763,0.0,0.015661001205444336,0.0014205412431196733,0.0,0.015627384185791016
48204.0,5.0,6.0,0.018575638059585814,0.008775472640991211,0.03126168251037598,0.005554172727796767,0.0,0.015671968460083008,8034.0,4828.0,11932.0,0.004073805279201931,0.0,0.016442298889160156,0.0021188978164915053,0.0,0.015692472457885742
48204.0,5.0,7.0,0.022253121648515974,0.011045217514038086,0.031255245208740234,0.007046248231615339,0.0,0.016007661819458008,6886.285714285715,4419.0,11403.0,0.005725843565804618,0.0,0.015648365020751953,0.0011449881962367467,0.0,0.008045673370361328
48204.0,5.0,8.0,0.02824697261903344,0.015050888061523438,0.06250381469726562,0.007546520814663026,0.0,0.016036510467529297,6025.5,3689.0,8373.0,0.007322293956105302,0.0,0.019687891006469727,0.0033477632010855325,0.0,0.01573920249938965
48204.0,5.0,9.0,0.031811689629274255,0.01559138298034668,0.057761192321777344,0.009177919696359074,0.0,0.02401590347290039,5356.0,3315.0,7929.0,0.007357656955718994,0.0,0.016010522842407227,0.003966787282158346,0.0,0.016786813735961914
48204.0,5.0,10.0,0.033043104059555954,0.015586376190185547,0.06400513648986816,0.010377742106618446,0.0,0.024009227752685547,4820.4,2689.0,7805.0,0.008222745134939556,0.0,0.01652383804321289,0.003590286167618496,0.0,0.016000032424926758
48204.0,5.0,11.0,0.028750815342382056,0.015604496002197266,0.04683351516723633,0.00879538182130794,0.0,0.01600360870361328,4382.181818181818,2664.0,7186.0,0.0058908192152829515,0.0,0.016924142837524414,0.0038952507923558817,0.0,0.015636444091796875
48204.0,5.0,12.0,0.03433729327002237,0.015617609024047852,0.056070566177368164,0.009478533914846968,0.0,0.018951416015625,4017.0,2440.0,6971.0,0.007937078328095665,0.0,0.022036075592041016,0.003960261973299722,0.0,0.015666961669921875
48204.0,5.0,13.0,0.037500003450795225,0.015590906143188477,0.07207250595092773,0.0106673726910039,0.0,0.017249584197998047,3708.0,2119.0,6910.0,0.008314137396059539,0.0,0.02409529685974121,0.005460023880004883,0.0,0.015694618225097656
48204.0,5.0,14.0,0.04715313774328262,0.024058818817138672,0.08799958229064941,0.013844395597902731,0.0,0.03521013259887695,3443.1428571428573,2072.0,6798.0,0.011509341553758127,0.0,0.031279802322387695,0.008539726939825966,0.0,0.025401592254638672
89640.0,5.0,3.0,0.032666314731944694,0.015624046325683594,0.046883583068847656,0.009942780841480602,0.0,0.01562786102294922,29880.0,29873.0,29894.0,0.0035742521286010742,0.0,0.016131877899169922,0.0007103139703924006,0.0,0.015626907348632812
89640.0,5.0,4.0,0.03443670900244462,0.0300445556640625,0.05513119697570801,0.008309615285773026,0.0,0.016209125518798828,22410.0,22398.0,22420.0,0.0054497656069303815,0.0,0.013549566268920898,0.0015283132854260896,0.0,0.008046388626098633
89640.0,5.0,5.0,0.04500045198382753,0.03195381164550781,0.09181451797485352,0.012182192368940874,0.00754547119140625,0.031996965408325195,17928.0,17895.0,17953.0,0.008595076474276457,0.0,0.01601719856262207,0.004354292696172541,0.0,0.016004085540771484
89640.0,5.0,6.0,0.042151566594839096,0.031246662139892578,0.06603050231933594,0.011429518461227417,0.0,0.023320436477661133,14940.0,14848.0,15021.0,0.008912008255720139,0.0,0.017032384872436523,0.003859102725982666,0.0,0.01506948471069336
89640.0,5.0,7.0,0.04518229999239483,0.0312347412109375,0.06271862983703613,0.011488906920902313,0.0,0.017771244049072266,12805.714285714286,12714.0,12883.0,0.009496454208616226,0.0,0.01722860336303711,0.00559944576687283,0.0,0.016646623611450195
89640.0,5.0,8.0,0.047304009878507226,0.031244277954101562,0.058321237564086914,0.01344432112991169,0.0,0.024623870849609375,11205.0,11045.0,11381.0,0.011732383440899592,0.0,0.020563840866088867,0.00501573726695071,0.0,0.017452239990234375
89640.0,5.0,9.0,0.053982065079060004,0.04683566093444824,0.06696224212646484,0.015428766291192237,0.0,0.02407217025756836,9960.0,2625.0,12506.0,0.012837415045880258,0.0,0.018157958984375,0.00781222607227082,0.0,0.016794443130493164
89640.0,5.0,10.0,0.05299215921213929,0.04000687599182129,0.07071208953857422,0.014325588521823076,0.0,0.019713878631591797,8964.0,2805.0,9944.0,0.011798422101517799,0.0,0.019480466842651367,0.010118749779714664,0.0,0.03125500679016113
89640.0,5.0,11.0,0.054494101425697064,0.04013323783874512,0.06804347038269043,0.015092414000938678,0.0,0.026681184768676758,8149.090909090909,2572.0,9905.0,0.013421872566486227,0.0,0.02482128143310547,0.014038990283834523,0.0,0.028703927993774414
89640.0,5.0,12.0,0.055823825977065346,0.039727210998535156,0.07462835311889648,0.015072301030158997,0.0,0.03128242492675781,7470.0,2568.0,8845.0,0.013710398565639149,0.0,0.02394866943359375,0.007402158596298911,0.0,0.023998498916625977
89640.0,5.0,13.0,0.06157071845045368,0.044843435287475586,0.10707378387451172,0.016999270152119758,0.00800323486328125,0.03200101852416992,6895.384615384615,2041.0,8538.0,0.01528627895614476,0.0,0.031252145767211914,0.015621753186469712,0.0,0.03049945831298828
89640.0,5.0,14.0,0.06308114385030356,0.046837806701660156,0.08324146270751953,0.01755199662174087,0.009544610977172852,0.03125262260437012,6402.857142857143,2019.0,7710.0,0.015386365982423345,0.0,0.02748727798461914,0.013783092958381376,0.0,0.03125476837158203
10081.0,7.0,3.0,0.004174510637919108,0.0,0.009562015533447266,0.0014568169911702473,0.0,0.01052403450012207,3360.3333333333335,2133.0,4624.0,0.0008913675944010416,0.0,0.005490303039550781,0.00012616316477457681,0.0,0.0015139579772949219
10081.0,7.0,4.0,0.007271138104525479,0.0,0.016797304153442383,0.0002949237823486328,0.0,0.0018320083618164062,2520.25,1131.0,4608.0,0.0,0.0,0.0,0.0,0.0,0.0
10081.0,7.0,5.0,0.0,0.0,0.0,0.0013333757718404133,0.0,0.008000373840332031,2016.2,1122.0,3117.0,0.003333449363708496,0.0,0.008000850677490234,0.003333131472269694,0.0,0.007999897003173828
10081.0,7.0,6.0,0.005716017314365932,0.0,0.008008956909179688,0.003427267074584961,0.0,0.008000373840332031,1680.1666666666667,1010.0,2575.0,0.0,0.0,0.0,0.0011423655918666295,0.0,0.007996559143066406
10081.0,7.0,7.0,0.005498871207237244,0.0,0.008005380630493164,0.0019994378089904785,0.0,0.007999897003173828,1440.142857142857,262.0,2574.0,0.0025013238191604614,0.0,0.008018970489501953,0.0020004212856292725,0.0,0.008007287979125977
10081.0,7.0,8.0,0.004988670349121094,0.0,0.015627145767211914,0.0023229651980929905,0.0,0.015624284744262695,1260.125,124.0,1997.0,0.0030721558464898,0.0,0.015659809112548828,0.0004444519678751628,0.0,0.00800013542175293
10081.0,7.0,9.0,0.0068067823137555805,0.0,0.01563405990600586,0.002344233649117606,0.0,0.00841069221496582,1120.111111111111,48.0,2304.0,0.0034267561776297434,0.0,0.008004426956176758,0.0022882052830287387,0.0,0.008014917373657227
10081.0,7.0,10.0,0.00553844656263079,0.0,0.008015155792236328,0.002855931009565081,0.0,0.008011817932128906,1008.1,20.0,2357.0,0.0028563737869262695,0.0,0.00801706314086914,0.006478003093174526,0.0,0.016683101654052734
10081.0,7.0,11.0,0.007326695052060214,0.0,0.016568899154663086,0.0016199404543096368,0.0,0.01563572883605957,916.4545454545455,42.0,2317.0,0.0031090324575250797,0.0,0.015661954879760742,0.007543162866072221,0.0,0.018412113189697266
10081.0,7.0,12.0,0.007134244555518741,0.0,0.011546134948730469,0.00425455683753604,0.0,0.012339115142822266,840.0833333333334,31.0,1957.0,0.002039625531151181,0.0,0.00954890251159668,0.011822586967831566,0.006448984146118164,0.016808271408081055
10081.0,7.0,13.0,0.006887628918602353,0.0,0.015660762786865234,0.0038935797555106027,0.0,0.015627145767211914,775.4615384615385,253.0,1442.0,0.0033421629951113745,0.0,0.015623331069946289,0.004922435397193546,0.0,0.01569223403930664
10081.0,7.0,14.0,0.010815143585205078,0.0,0.024300336837768555,0.004290605846204255,0.0,0.016106843948364258,720.0714285714286,38.0,2000.0,0.0029194229527523645,0.0,0.015668392181396484,0.008080269161023591,0.0,0.01690220832824707
10692.0,8.0,3.0,0.005043578386306763,0.0,0.024002790451049805,0.0015728216171264648,0.0,0.015672683715820312,3564.0,955.0,7068.0,0.0011426994800567626,0.0,0.01654338836669922,0.00526437258720398,0.0,0.03200125694274902
10692.0,8.0,4.0,0.005604606866836548,0.0,0.008090734481811523,0.0031733453273773194,0.0,0.00804591178894043,2673.0,2.0,7453.0,0.0010000348091125488,0.0,0.008003473281860352,0.0036406755447387696,0.0,0.016001462936401367
10692.0,8.0,5.0,0.006642077684402466,0.0,0.01930856704711914,0.0018389918804168702,0.0,0.016678571701049805,2138.4,346.0,3836.0,0.0014981467723846436,0.0,0.015636205673217773,0.007494879484176636,0.0,0.023760318756103516
10692.0,8.0,6.0,0.00617801547050476,0.0,0.02005600929260254,0.001755434513092041,0.0,0.015682220458984375,1782.0,0.0,10692.0,0.0016149771213531494,0.0,0.016768217086791992,0.0008658382892608642,0.0,0.016030550003051758
10692.0,8.0,7.0,0.006591071364700153,0.0,0.019500017166137695,0.0020564525358138545,0.0,0.015660762786865234,1527.4285714285713,2.0,4901.0,0.0027876310451056367,0.0,0.01566338539123535,0.010170846857050414,0.0,0.023938417434692383
10692.0,8.0,8.0,0.006735241174697876,0.0,0.020571231842041016,0.002092224597930908,0.0,0.015677213668823242,1336.5,0.0,10692.0,0.0018642301559448243,0.0,0.015688180923461914,0.00045854735374450684,0.0,0.017493486404418945
10692.0,8.0,9.0,0.008227241992950439,0.0,0.021837949752807617,0.0024227519035339355,0.0,0.015764713287353516,1188.0,445.0,2639.0,0.002025284767150879,0.0,0.01814413070678711,0.010679192543029785,0.0,0.02426767349243164
10692.0,8.0,10.0,0.008704057216644287,0.0,0.022703886032104492,0.002719779968261719,0.0,0.016738176345825195,1069.2,0.0,10692.0,0.0024350476264953613,0.0,0.017580270767211914,0.00046410536766052244,0.0,0.01792764663696289
10692.0,8.0,11.0,0.009031038761138916,0.0,0.023710250854492188,0.002638663053512573,0.0,0.016345500946044922,972.0,0.0,10692.0,0.0025741941928863524,0.0,0.016552209854125977,0.0023735282421112063,0.0,0.024872541427612305
10692.0,8.0,12.0,0.009458818435668946,0.0,0.024004220962524414,0.0033679060935974123,0.0,0.0169827938079834,891.0,0.0,10692.0,0.00233475661277771,0.0,0.01611638069152832,0.0005398850440979004,0.0,0.016018152236938477
10692.0,8.0,13.0,0.01115365982055664,0.0,0.03029942512512207,0.0025555229187011717,0.0,0.016921281814575195,822.4615384615385,0.0,10692.0,0.0025316290855407716,0.0,0.01908731460571289,0.000459059476852417,0.0,0.0257723331451416
10692.0,8.0,14.0,0.010564236402511596,0.0,0.03126168251037598,0.0030596902370452882,0.0,0.01746845245361328,763.7142857142857,0.0,10692.0,0.0032295722961425783,0.0,0.016901731491088867,0.00046805500984191894,0.0,0.015677452087402344
22784.0,9.0,3.0,0.010101998553556554,0.0,0.016799449920654297,0.004487339188070858,0.0,0.014888525009155273,7594.666666666667,527.0,18912.0,0.0007667962242575252,0.0,0.014950990676879883,0.0017889247221105238,0.0,0.01633620262145996
22784.0,9.0,4.0,0.011669676879356647,0.0,0.01703166961669922,0.004214714313375539,0.0,0.01567244529724121,5696.0,241.0,15927.0,0.003607692389652647,0.0,0.015635013580322266,0.0028616477703226023,0.0,0.01156759262084961
22784.0,9.0,5.0,0.013443829463078425,0.0,0.026724576950073242,0.005245274763840895,0.0,0.015663862228393555,4556.8,164.0,14814.0,0.0036330919999342697,0.0,0.015628337860107422,0.009293464513925405,0.0,0.016475677490234375
22784.0,9.0,6.0,0.015180930799367477,0.007959127426147461,0.026325225830078125,0.004136017390659877,0.0,0.016993284225463867,3797.3333333333335,124.0,11973.0,0.0032501318016830757,0.0,0.016634225845336914,0.02082356141538036,0.0,0.033831119537353516
22784.0,9.0,7.0,0.01741366501314094,0.01006460189819336,0.02834320068359375,0.002987548529383648,0.0,0.016396522521972656,3254.8571428571427,3.0,11932.0,0.005141246749694089,0.0,0.01703643798828125,0.02458315585033003,0.015606403350830078,0.038277626037597656
22784.0,9.0,8.0,0.01601415961536009,0.0,0.030789852142333984,0.0049461677892884215,0.0,0.01566171646118164,2848.0,3.0,14812.0,0.005636852179000627,0.0,0.015671968460083008,0.021625145157771326,0.012047052383422852,0.03201699256896973
22784.0,9.0,9.0,0.017714064359664917,0.008105278015136719,0.03206229209899902,0.005521805763244629,0.0,0.02022242546081543,2531.5555555555557,0.0,22784.0,0.005325305938720703,0.0,0.017208337783813477,0.00046975374221801757,0.0,0.037674903869628906
22784.0,9.0,10.0,0.01999488115310669,0.009731054306030273,0.03401494026184082,0.005964951515197754,0.0,0.016762495040893555,2278.4,3.0,8750.0,0.005133485794067383,0.0,0.01657247543334961,0.03029413938522339,0.015619277954101562,0.04442858695983887
22784.0,9.0,11.0,0.02270396550496419,0.010047197341918945,0.03467726707458496,0.004484567089357238,0.0,0.015672922134399414,2071.2727272727275,3.0,7379.0,0.003962388937024103,0.0,0.022015094757080078,0.03191670818605285,0.01563429832458496,0.04490303993225098
22784.0,9.0,12.0,0.02029711604118347,0.010046243667602539,0.0499424934387207,0.006033973217010498,0.0,0.019597530364990234,1898.6666666666667,0.0,22784.0,0.006172984838485718,0.0,0.01909661293029785,0.002214162349700928,0.0,0.046573638916015625
22784.0,9.0,13.0,0.024391475677490233,0.015588760375976562,0.033210039138793945,0.006757253646850586,0.0,0.016588926315307617,1752.6153846153845,3.0,6880.0,0.006688072204589844,0.0,0.016941070556640625,0.03720166969299316,0.023885726928710938,0.05032086372375488
22784.0,9.0,14.0,0.02457095456123352,0.008545398712158203,0.04683041572570801,0.006882033109664917,0.0,0.023448705673217773,1627.4285714285713,0.0,22784.0,0.007206260204315185,0.0,0.023997783660888672,0.0030344440937042235,0.0,0.0504908561706543
59049.0,10.0,3.0,0.028917133072276176,0.015622615814208984,0.039861440658569336,0.007229825596750518,0.0,0.01613593101501465,19683.0,14459.0,22466.0,0.0047900235211407695,0.0,0.015641212463378906,0.004478969691712179,0.0,0.016049623489379883
59049.0,10.0,4.0,0.032745463507516046,0.01567244529724121,0.040033817291259766,0.008089621861775717,0.0,0.016788721084594727,14762.25,10960.0,21708.0,0.006531704039800735,0.0,0.016646146774291992,0.004367351531982422,0.0,0.015626907348632812
59049.0,10.0,5.0,0.03712122006849809,0.03196549415588379,0.04800724983215332,0.009931054982272062,0.0,0.01770162582397461,11809.8,8060.0,15852.0,0.00886957211927934,0.0017821788787841797,0.016368865966796875,0.007198290391401811,0.0,0.023266315460205078
59049.0,10.0,6.0,0.04040495157241821,0.03202509880065918,0.04801774024963379,0.009944629669189454,0.006979465484619141,0.016000986099243164,9841.5,7727.0,12869.0,0.008821666240692139,0.007963418960571289,0.016008615493774414,0.007650840282440186,0.0,0.01601266860961914
59049.0,10.0,7.0,0.045077392929478696,0.03175830841064453,0.05658531188964844,0.011394927376195005,0.0,0.016911029815673828,8435.57142857143,5958.0,12810.0,0.011246787874322189,0.0,0.021275997161865234,0.0103566144642077,0.0,0.016837358474731445
59049.0,10.0,8.0,0.04784532597190455,0.031241178512573242,0.06235456466674805,0.014107867291099146,0.0,0.01929759979248047,7381.125,1667.0,12726.0,0.012957478824414705,0.0,0.01705169677734375,0.010686968502245452,0.0,0.023215532302856445
59049.0,10.0,9.0,0.05258515097878196,0.040096282958984375,0.07079672813415527,0.013484421643343838,0.0,0.02248525619506836,6561.0,1505.0,12125.0,0.012959978797219017,0.0,0.016535520553588867,0.021207835457541725,0.008284568786621094,0.06400346755981445
59049.0,10.0,10.0,0.05515238285064697,0.04685521125793457,0.07775044441223145,0.01426239013671875,0.0,0.02231431007385254,5904.9,3602.0,12108.0,0.013730525970458984,0.0,0.017630338668823242,0.013116369247436524,0.0,0.03200173377990723
59049.0,10.0,11.0,0.062428979130534384,0.04683113098144531,0.08054995536804199,0.01724111879026735,0.008473634719848633,0.025629043579101562,5368.090909090909,1971.0,11797.0,0.015190378412023767,0.0,0.02412247657775879,0.020154445202319654,0.010549068450927734,0.03223156929016113
59049.0,10.0,12.0,0.06063992275911219,0.04685473442077637,0.0803987979888916,0.016071361653945026,0.008120536804199219,0.03125643730163574,4920.75,1211.0,12041.0,0.01567371312309714,0.008011817932128906,0.0249483585357666,0.02805473383735208,0.013920783996582031,0.0644984245300293
59049.0,10.0,13.0,0.07322427859673133,0.054924964904785156,0.10933852195739746,0.020175897158109225,0.011048078536987305,0.03343009948730469,4542.2307692307695,1319.0,11584.0,0.01788175411713429,0.008619070053100586,0.034714698791503906,0.03698918146964831,0.023767948150634766,0.07420516014099121
59049.0,10.0,14.0,0.07180467191732155,0.062134742736816406,0.0908362865447998,0.019222515933918504,0.012552976608276367,0.03193330764770508,4217.785714285715,1565.0,6102.0,0.017954965807356924,0.008810758590698242,0.03125429153442383,0.03782435183255178,0.027242422103881836,0.05260014533996582
40768.0,11.0,3.0,0.022182663281758625,0.015623807907104492,0.0318303108215332,0.007416102621290419,0.0,0.016623258590698242,13589.333333333334,11461.0,17600.0,0.0029039382934570312,0.0,0.015625,0.0037501520580715602,0.0,0.01562666893005371
40768.0,11.0,4.0,0.022867972200567074,0.015620231628417969,0.03343653678894043,0.006454803726889871,0.0,0.015625715255737305,10192.0,7816.0,12541.0,0.005490471016276966,0.0,0.015630006790161133,0.0041297078132629395,0.0,0.015628814697265625
40768.0,11.0,5.0,0.027536439895629882,0.015579700469970703,0.040369510650634766,0.007158262833305027,0.0,0.017186641693115234,8153.6,5432.0,10977.0,0.006284089710401452,0.0,0.015674591064453125,0.006081744898920474,0.0,0.016520977020263672
40768.0,11.0,6.0,0.03094120631142268,0.015610694885253906,0.04686689376831055,0.007470804547506665,0.0,0.017619609832763672,6794.666666666667,5078.0,8604.0,0.007194178444998605,0.0,0.016431808471679688,0.005805000426277282,0.0,0.01603865623474121
40768.0,11.0,7.0,0.031759668279577186,0.023852825164794922,0.04686927795410156,0.00870529810587565,0.0,0.015825510025024414,5824.0,3811.0,8165.0,0.00941875245836046,0.0,0.015638351440429688,0.01046664626510055,0.0,0.0162203311920166
40768.0,11.0,8.0,0.03352578039522524,0.02471470832824707,0.046874284744262695,0.009894596205817329,0.0,0.01649308204650879,5096.0,3750.0,6492.0,0.008543345663282607,0.0,0.015633583068847656,0.01327814879240813,0.007947683334350586,0.031250953674316406
40768.0,11.0,9.0,0.03988851285448261,0.03123950958251953,0.05103349685668945,0.010484143799426509,0.0,0.017340421676635742,4529.777777777777,3206.0,6227.0,0.010471661885579428,0.0,0.018175363540649414,0.01384897793040556,0.0,0.02400374412536621
40768.0,11.0,10.0,0.04191992309067275,0.031227827072143555,0.05459117889404297,0.010674832941411616,0.0,0.0206148624420166,4076.8,2696.0,5122.0,0.010483094624110631,0.0,0.018812894821166992,0.026112810596004947,0.013294458389282227,0.03566551208496094
40768.0,11.0,11.0,0.044603886142853766,0.02971506118774414,0.0558924674987793,0.011732562895744078,0.0,0.019910097122192383,3706.181818181818,2424.0,5124.0,0.012830022842653336,0.0,0.020098447799682617,0.02617453759716403,0.012057065963745117,0.0624697208404541
40768.0,11.0,12.0,0.045114535551804766,0.031231164932250977,0.0616915225982666,0.012364479211660532,0.0,0.01818370819091797,3397.3333333333335,2486.0,4515.0,0.01148551549666967,0.0,0.017476558685302734,0.021387870495135967,0.013566970825195312,0.04404449462890625
40768.0,11.0,13.0,0.05386962695997589,0.03951072692871094,0.0835115909576416,0.015203135354178292,0.0,0.025915861129760742,3136.0,2386.0,4128.0,0.014639552758664501,0.0,0.027629375457763672,0.0346115949202557,0.015625953674316406,0.058251142501831055
40768.0,11.0,14.0,0.055628763511776924,0.04463768005371094,0.07999825477600098,0.014876194298267365,0.0,0.02677178382873535,2912.0,1675.0,4549.0,0.01420397125184536,0.0,0.024112462997436523,0.03927480801939964,0.025243043899536133,0.06667017936706543
20867.0,12.0,3.0,0.011497867107391358,0.007955551147460938,0.01603078842163086,0.0028999149799346924,0.0,0.008044242858886719,6955.666666666667,741.0,12526.0,0.002299889922142029,0.0,0.00803685188293457,0.009403401613235473,0.0,0.016038894653320312
20867.0,12.0,4.0,0.01280383222243365,0.00794076919555664,0.016422748565673828,0.004238487692440257,0.0,0.008055925369262695,5216.75,731.0,11172.0,0.003011953129487879,0.0,0.008058309555053711,0.0167511126574348,0.007927656173706055,0.02404189109802246
20867.0,12.0,5.0,0.01455709763935634,0.00754547119140625,0.016060352325439453,0.004280856677464077,0.0,0.00800466537475586,4173.4,703.0,7942.0,0.0031671864645821707,0.0,0.008659601211547852,0.018572628498077393,0.01596546173095703,0.02405095100402832
20867.0,12.0,6.0,0.01600301587903822,0.007993936538696289,0.024009227752685547,0.0043260793428163274,0.0,0.008043050765991211,3477.8333333333335,694.0,7547.0,0.0030278450733906516,0.0,0.008027076721191406,0.020114724700515334,0.007996797561645508,0.024239301681518555
20867.0,12.0,7.0,0.018488645553588867,0.009238481521606445,0.03282046318054199,0.0050843857430122995,0.0,0.01736164093017578,2981.0,695.0,6507.0,0.005243254137468767,0.0,0.01678323745727539,0.027604953662769216,0.013056039810180664,0.03757905960083008
20867.0,12.0,8.0,0.01979285478591919,0.01305079460144043,0.03129434585571289,0.005260976461263804,0.0,0.015679121017456055,2608.375,594.0,5177.0,0.004638648950136625,0.0,0.015628337860107422,0.026128741411062386,0.015562057495117188,0.032221078872680664
20867.0,12.0,9.0,0.023752518675544045,0.011046409606933594,0.04004621505737305,0.0038458217274058948,0.0,0.016472339630126953,2318.5555555555557,169.0,6605.0,0.005435751243071122,0.0,0.01696300506591797,0.0332563654942946,0.01562643051147461,0.055574893951416016
20867.0,12.0,10.0,0.024912721970502066,0.015579700469970703,0.056000471115112305,0.004435567294850069,0.0,0.015975236892700195,2086.7,162.0,4769.0,0.005181214388679056,0.0,0.015668153762817383,0.03522420864479214,0.015639781951904297,0.05624198913574219
20867.0,12.0,11.0,0.028475317690107558,0.015615224838256836,0.048539161682128906,0.00768712494108412,0.0,0.01600790023803711,1897.0,183.0,3452.0,0.007284482320149739,0.0,0.021697521209716797,0.04122436046600342,0.031241655349731445,0.05600762367248535
20867.0,12.0,12.0,0.02467417335510254,0.015052556991577148,0.04687619209289551,0.006443992614746093,0.0,0.017072677612304688,1738.9166666666667,9.0,3981.0,0.006435375690460205,0.0,0.01741313934326172,0.03719100975990296,0.02314901351928711,0.07019257545471191
20867.0,12.0,13.0,0.027159883425785944,0.015577077865600586,0.03849029541015625,0.007085525072537935,0.0,0.015676498413085938,1605.1538461538462,229.0,3225.0,0.006796832268054669,0.0,0.01568317413330078,0.041301218362954945,0.03123617172241211,0.04803276062011719
20867.0,12.0,14.0,0.029594878673553468,0.0155792236328125,0.04955792427062988,0.007347107172012329,0.0,0.0312497615814209,1490.5,38.0,2829.0,0.007892648458480835,0.0,0.02193903923034668,0.04451778674125671,0.029225826263427734,0.0720069408416748
12455.0,13.0,3.0,0.007997300889756944,0.007971525192260742,0.008011579513549805,0.0017810132768419054,0.0,0.008029699325561523,4151.666666666667,2466.0,5741.0,0.0,0.0,0.0,0.00266620847913954,0.0,0.007999897003173828
12455.0,13.0,4.0,0.007335086663564046,0.0,0.00804591178894043,0.003999948501586914,0.0,0.008034706115722656,3113.75,23.0,5453.0,0.003328998883565267,0.0,0.007999658584594727,0.008003652095794678,0.007964611053466797,0.008034467697143555
12455.0,13.0,5.0,0.011559857262505425,0.00797724723815918,0.01602649688720703,0.0017802715301513672,0.0,0.008024454116821289,2491.0,253.0,5549.0,0.0017755296495225695,0.0,0.008002281188964844,0.0017734898461235894,0.0,0.007997751235961914
12455.0,13.0,6.0,0.009251095354557037,0.007991313934326172,0.016019821166992188,0.0022499114274978638,0.0,0.008000612258911133,2075.8333333333335,1088.0,3844.0,0.0032487958669662476,0.0,0.00800180435180664,0.004248902201652527,0.0,0.008002042770385742
12455.0,13.0,7.0,0.010659080563169537,0.007959604263305664,0.0160369873046875,0.004120862845218543,0.0,0.008037328720092773,1779.2857142857142,1121.0,2430.0,0.00412521217808579,0.0,0.008040189743041992,0.003154415072816791,0.0,0.008041858673095703
12455.0,13.0,8.0,0.01172622044881185,0.00796198844909668,0.02396702766418457,0.004267136255900065,0.0,0.008033990859985352,1556.875,899.0,2396.0,0.004268360137939453,0.0,0.008041143417358398,0.0026734193166097005,0.0,0.008074045181274414
12455.0,13.0,9.0,0.013278331756591797,0.007967233657836914,0.016055822372436523,0.003517169952392578,0.0,0.008022069931030273,1383.888888888889,170.0,2222.0,0.0041596126556396485,0.0,0.008036375045776367,0.011527996063232421,0.007943391799926758,0.016040325164794922
12455.0,13.0,10.0,0.015088362771956647,0.007978200912475586,0.02401876449584961,0.004323638853479604,0.0,0.008034229278564453,1245.5,175.0,2080.0,0.0036677767018802833,0.0,0.008067607879638672,0.019549651224105083,0.007999658584594727,0.024366378784179688
12455.0,13.0,11.0,0.016319048020147508,0.008455276489257812,0.031768083572387695,0.004987570547288464,0.0,0.016673564910888672,1132.2727272727273,23.0,2106.0,0.005444457454066123,0.0,0.015625476837158203,0.02017090012950282,0.012560367584228516,0.03128385543823242
12455.0,13.0,12.0,0.017646290361881256,0.00890970230102539,0.033621788024902344,0.004676990211009979,0.0,0.015461206436157227,1037.9166666666667,544.0,1509.0,0.0044477954506874084,0.0,0.015190839767456055,0.007615916430950165,0.0,0.016801118850708008
12455.0,13.0,13.0,0.018913583322004837,0.013759613037109375,0.03333306312561035,0.004864627664739435,0.0,0.016719579696655273,958.0769230769231,23.0,1777.0,0.006930047815496271,0.0,0.016406774520874023,0.019360108809037643,0.010092496871948242,0.03372955322265625
12455.0,13.0,14.0,0.019010525703430176,0.008435726165771484,0.04000544548034668,0.005341328144073486,0.0,0.017221689224243164,889.6428571428571,507.0,1730.0,0.005552805662155151,0.0,0.022494077682495117,0.02725500202178955,0.0,0.0578610897064209
